,city_name,country_code,latitude,longitude,temperature,humidity,cloudiness,wind_speed
0,markivka,ua,49.20366499569079,39.39304581206295,35.15,90.0,80.0,14.43
1,faanui,pf,-8.727263499994464,-156.18812640129005,81.37,100.0,64.0,12.97
2,barrow,us,79.97300725042311,-144.6159413398436,51.35,93.0,0.0,5.26
3,esperance,au,-33.00612080089263,127.06075543741827,75.2,78.0,20.0,6.38
5,prince george,ca,54.56882535176234,-122.73913503663144,32.0,38.0,1.0,16.11
6,rikitea,pf,-50.59317503012988,-115.70684735577932,79.39,100.0,0.0,6.71
7,hobart,au,-43.49930121471511,155.46318994147737,66.2,34.0,0.0,13.87
8,castro,cl,-49.02327472230636,-101.71313912730403,45.86,97.0,0.0,3.91
10,ponta do sol,cv,24.21363319917151,-41.88104569212962,64.76,98.0,76.0,3.58
11,saint-philippe,re,-32.80326141298519,58.467352635008695,30.65,74.0,1.0,10.29
12,busselton,au,-74.71483208357756,86.85259931835316,69.58,95.0,0.0,14.54
14,constantine,dz,35.53373302234135,6.074726849274754,42.8,70.0,0.0,1.12
15,severodvinsk,ru,64.1992982213753,39.76561120681305,6.8,92.0,0.0,4.47
16,mareeba,au,-13.43196417428301,142.9652198120408,84.2,74.0,75.0,11.41
17,warrington,us,28.559736590186304,-87.04292887246415,37.4,93.0,90.0,16.11
18,karratha,au,-19.06277061665834,111.26486061133784,97.52,32.0,24.0,4.7
19,saint anthony,ca,55.91132969324721,-56.05108941569139,45.79,78.0,1.0,17.22
25,albany,au,-66.38018709608725,123.09390511193095,31.51,40.0,75.0,4.7
26,carballo,es,45.298455991736574,-10.487914439847373,50.81,87.0,92.0,8.05
27,longyearbyen,sj,76.44320664482007,18.655318048250848,12.2,36.0,8.0,12.75
28,yerbogachen,ru,62.143530270827426,105.13357875334225,9.41,41.0,36.0,9.95
29,ilabaya,pe,-17.337963495103295,-70.72418301893718,48.79,85.0,0.0,1.68
30,ushuaia,ar,-71.4565434604032,-62.87889449080669,44.6,87.0,75.0,12.75
31,severo-kurilsk,ru,32.856136566397396,164.16149103558018,29.17,100.0,64.0,5.59
32,kavieng,pg,14.430286235214183,157.13934321630597,86.0,98.0,0.0,9.17
38,port alfred,za,-80.65030589785117,42.56738108371235,71.92,89.0,44.0,14.32
39,saint george,bm,34.04591040971371,-54.3899357227737,48.2,61.0,20.0,6.93
40,ossora,ru,60.29509967141993,163.31793129340787,32.23,98.0,92.0,19.35
41,saskylakh,ru,76.78370728297281,118.52191907815279,9.32,83.0,80.0,6.71
42,hermanus,za,-82.45859131800204,-8.226817348307094,53.42,91.0,0.0,1.79
44,zaozerne,ua,44.881657804020136,33.32734984445253,36.19,96.0,92.0,28.52
47,new norfolk,au,-73.61177147755267,134.78510678892053,66.2,34.0,0.0,13.87
48,san rafael,bo,-17.173715384483828,-60.74433958219943,50.77,90.0,0.0,2.8
49,kapaa,us,35.85522901872257,-174.03493747565216,76.87,78.0,20.0,8.05
50,cape town,za,-82.58178166012792,-12.498627046211539,62.6,88.0,0.0,4.7
51,kirakira,sb,-11.146277683171988,160.58658465012377,84.79,100.0,88.0,10.51
52,georgetown,sh,-12.312987344681233,-20.65275809643859,74.89,88.0,32.0,5.59
53,zonguldak,tr,43.42661002492645,32.04770691030234,46.94,99.0,92.0,8.5
54,ugoofaaru,mv,6.1291940218795276,61.71786194690736,83.3,100.0,88.0,5.7
56,gopalur,in,16.48841849493219,77.79847697705901,78.49,62.0,0.0,7.72
57,ribas do rio pardo,br,-20.107936311943803,-53.79031873640842,67.82,95.0,76.0,2.13
58,punta arenas,cl,-72.59871265118231,-113.83989002278226,48.2,93.0,90.0,12.75
59,pundaguitan,ph,5.81367130881091,128.32589350778926,84.47,95.0,12.0,1.68
60,swift current,ca,49.794865905129456,-107.33715869469737,12.2,61.0,90.0,6.82
66,walvis bay,na,-25.462767465347696,7.918880726788046,60.8,82.0,8.0,3.36
67,nassau,bs,25.162181487595262,-77.3712362996331,33.8,80.0,20.0,9.17
68,jamestown,sh,-14.975290628093859,-8.342843002326475,70.97,47.0,0.0,9.73
70,madimba,tz,-9.573695241523623,42.04663635370596,82.4,88.0,75.0,3.36
72,ilulissat,gl,74.76660679998022,-42.952671794508234,30.2,50.0,0.0,18.34
73,sosnovo-ozerskoye,ru,53.51752934196193,112.42523755581817,17.2,67.0,8.0,12.53
76,salalah,om,20.42277010990182,52.741653022393166,78.8,74.0,40.0,4.7
77,nandu,cn,22.96126870277422,110.7138998343467,69.8,88.0,20.0,6.71
79,coihaique,cl,-45.4619880862751,-72.45753112739641,55.4,71.0,90.0,6.93
80,nikolskoye,ru,33.94985446166993,176.6896837604873,32.0,90.0,90.0,15.66
82,ponta do sol,pt,31.434421804501042,-20.555993510175824,64.76,98.0,76.0,3.58
86,boysun,uz,38.098271521578766,66.61340927156769,41.68,99.0,48.0,2.13
87,bethel,us,46.26471500344928,-162.25373027713252,35.6,64.0,1.0,20.8
89,vaini,to,-49.39466174842804,-174.31933062754118,74.12,72.0,44.0,2.8
90,marystown,ca,42.936437000903965,-53.927583240839795,38.35,93.0,92.0,26.51
91,banda aceh,id,5.542777249433328,94.36672486550594,82.67,85.0,8.0,1.57
92,saint-francois,gp,21.59406229093193,-48.53207031156927,33.8,86.0,0.0,2.24
96,valparaiso,cl,-31.86340123943568,-78.19816768410993,31.48,50.0,75.0,6.93
101,severobaykalsk,ru,54.63280900523995,109.06460614308287,13.37,63.0,44.0,4.47
102,umm kaddadah,sd,14.85900037801828,28.148516242216715,62.83,14.0,0.0,11.18
105,braganca paulista,br,-22.95422008325724,-46.69834623839,68.0,100.0,40.0,5.82
107,hilo,us,6.656905054953597,-164.08077392387597,82.4,58.0,1.0,14.99
109,takoradi,gh,-1.3358433947073252,0.7999780407655805,80.02,100.0,24.0,8.39
110,qaanaaq,gl,83.17940136031271,-72.01333178649779,8.65,85.0,76.0,1.68
111,port elizabeth,za,-81.0865742428923,34.68551103118543,52.88,66.0,90.0,5.7
112,pangnirtung,ca,69.789789154848,-64.77238405484108,30.47,79.0,88.0,17.78
116,buckeye,us,33.864272814921165,-113.07843803913184,85.48,14.0,40.0,4.7
118,baykit,ru,62.716908252683794,96.22852648020944,7.75,65.0,56.0,9.4
119,oranjestad,an,16.717842292310223,-64.06320979554393,80.6,78.0,40.0,13.87
120,san ramon,bo,-13.379373159054182,-64.89299625342414,69.71,72.0,36.0,2.91
121,half moon bay,us,35.06619413072532,-127.62563248236741,62.64,76.0,1.0,12.75
123,alice springs,au,-21.98455867001661,132.37273713009307,91.4,14.0,0.0,19.46
124,thunder bay,ca,47.89482965772976,-88.61590849568424,28.4,46.0,90.0,12.75
125,kruisfontein,za,-83.62421997750722,28.875700761552736,64.54,91.0,12.0,4.92
128,grindavik,is,52.44959135463719,-26.02252026877332,36.28,74.0,90.0,18.34
131,tiksi,ru,70.6443354924914,124.89549059664273,14.45,83.0,64.0,4.03
132,east london,za,-79.73917778805371,58.633154941330275,75.56,99.0,24.0,23.71
133,arraial do cabo,br,-37.71700968486694,-32.84549931187175,77.9,84.0,48.0,20.02
134,sao joao da barra,br,-29.939239201740868,-28.30008814575143,79.7,100.0,36.0,23.82
135,whitehorse,ca,60.244204130400135,-131.93485304536895,24.8,62.0,75.0,11.41
136,atuona,pf,-14.973806200667156,-133.2900785944527,81.82,100.0,32.0,13.53
137,bredasdorp,za,-69.41805052616662,14.931789976810222,66.2,88.0,68.0,2.24
139,jerez,mx,22.7502321393591,-103.13395781041069,57.2,62.0,0.0,11.41
143,kloulklubed,pw,4.4056919738193585,131.34020448310247,86.9,74.0,75.0,8.05
144,yulara,au,-27.981439829353832,126.66891037208143,93.2,14.0,0.0,16.11
145,aklavik,ca,71.68691351722828,-135.94222390634536,12.2,72.0,90.0,11.41
147,touros,br,3.615260366428757,-30.294112260503198,78.26,97.0,92.0,8.39
148,leningradskiy,ru,80.79105179155857,175.4512528520649,25.75,92.0,0.0,6.93
149,tasiilaq,gl,70.09933660933714,-43.02492554320449,23.0,62.0,76.0,16.11
150,codrington,ag,22.9138162459393,-50.962734015231575,70.61,100.0,92.0,2.8
151,tshikapa,cd,-6.046321252693872,20.080079583141497,71.06,98.0,48.0,2.35
153,butaritari,ki,21.061059065350392,163.08400797142207,83.8,98.0,8.0,12.19
154,clyde river,ca,73.39823549819374,-67.21725151291592,6.8,84.0,90.0,13.87
156,aksarka,ru,66.01316880850277,67.80800447372405,-13.72,42.0,0.0,2.57
158,palembang,id,-2.3263677225018142,104.45166268506642,79.79,96.0,92.0,4.25
159,moron,mn,46.7609346639787,99.3937453846184,77.0,78.0,40.0,4.7
160,valdivia,cl,-39.2620864615512,-74.49390362475486,46.4,100.0,0.0,5.37
164,enumclaw,us,46.76116573456545,-121.61306050297206,44.83,91.0,40.0,10.29
165,newport,us,45.69253633110313,-127.9170929099658,39.02,100.0,92.0,12.75
166,thompson,ca,67.69445907703096,-97.98727678740204,-7.61,48.0,20.0,4.7
167,carnarvon,au,-28.83528784066676,90.29527106211447,54.5,96.0,76.0,3.02
169,tangwani,pk,28.52822217543695,68.93126772212682,73.4,69.0,40.0,4.7
171,savannah bight,hn,18.34227986468393,-85.463075502229,79.7,95.0,24.0,4.92
172,san cristobal,ec,-5.739057092090604,-89.15775463517147,57.2,71.0,75.0,4.7
173,beloha,mg,-29.37603667459758,42.428226034705176,73.4,87.0,12.0,11.41
175,lima duarte,br,-21.668684591747038,-43.979534137603224,65.08,90.0,80.0,2.24
177,avarua,ck,-43.11768004455884,-161.86615503116985,82.4,78.0,75.0,8.05
180,klaksvik,fo,72.34255607548312,-7.229348043701123,28.4,63.0,64.0,9.17
181,north bend,us,43.9586754862903,-124.47031350000663,47.16,93.0,90.0,6.93
182,husavik,is,68.73380362296936,-17.164331609167334,13.37,92.0,48.0,14.65
183,deputatskiy,ru,70.42613674419536,143.01513396745798,1.76,84.0,68.0,3.91
184,puerto maldonado,pe,-12.015270246505906,-69.07226658917068,74.17,93.0,32.0,1.9
189,port augusta,au,-31.516206293289564,137.1252224590391,69.8,64.0,0.0,17.22
193,san jeronimo,mx,9.737610855803567,-104.13490321169371,37.45,91.0,0.0,2.01
197,puerto ayora,ec,-14.90284734415556,-94.00970279356615,77.32,97.0,36.0,7.61
200,lucea,jm,17.918786546425835,-78.87401875464441,77.0,73.0,20.0,4.7
201,tuatapere,nz,-56.7860471493553,155.6142476139894,65.21,77.0,0.0,16.67
204,terrace bay,ca,48.86548352528962,-88.17032984634,25.12,100.0,24.0,18.68
205,imamoglu,tr,37.19705936511866,35.57858649679528,53.6,87.0,0.0,4.7
208,srbobran,rs,45.719742540133865,19.85256032710575,41.77,95.0,0.0,8.61
209,iquique,cl,-20.223769685606655,-73.38397078000787,68.0,72.0,0.0,8.05
213,constitucion,mx,23.979443203589,-113.2730820906711,71.6,12.0,40.0,17.22
214,vila velha,br,-27.726277004857415,-23.84179781588935,82.4,83.0,75.0,5.82
215,turukhansk,ru,64.64428421267374,88.58467941831941,3.07,83.0,64.0,14.09
216,adrar,dz,26.377006035611316,-0.16424992034296793,69.8,21.0,0.0,17.22
217,airai,pw,10.43191332974314,144.9319408558004,82.54,69.0,12.0,1.34
220,provideniya,ru,40.7249457555298,-178.92959003826837,32.0,97.0,75.0,8.95
221,hithadhoo,mv,-21.42722994159189,83.12437999552105,85.78,98.0,88.0,8.05
225,daru,pg,-10.504980389525258,142.45737682169135,70.39,97.0,12.0,2.35
228,san patricio,mx,11.457219204821627,-112.83977012245747,66.56,93.0,12.0,4.25
229,tuktoyaktuk,ca,79.10279205717845,-136.9390930915622,8.31,78.0,90.0,18.34
234,kailua,us,31.007227210560004,-153.54812515660706,79.25,74.0,1.0,5.82
237,khatanga,ru,80.4785570986287,105.26250166107093,-7.15,76.0,56.0,11.74
239,konitsa,gr,39.97543688851107,20.707684337359865,37.4,100.0,40.0,2.46
240,hambantota,lk,-2.7490387423409004,84.7825834715128,83.66,100.0,32.0,7.38
241,mahebourg,mu,-45.232551439135435,77.23074441768563,80.6,83.0,75.0,11.41
242,upernavik,gl,74.6285287524444,-52.58353740329214,19.99,80.0,68.0,9.84
244,luena,ao,-10.525319137004615,18.757924944774857,63.82,97.0,92.0,2.68
246,cabo san lucas,mx,8.57012173420388,-119.44938236486277,83.35,15.0,20.0,9.17
250,bluff,nz,-77.44427898502654,153.64823530675596,84.07,55.0,76.0,17.78
251,samana,do,22.644387247899374,-67.34969704368051,72.82,95.0,20.0,1.9
255,pampa,us,36.24337694818155,-100.54600126314674,36.1,64.0,1.0,5.82
257,rudnichnyy,ru,60.62860899923831,53.113783311393234,11.17,70.0,0.0,4.03
260,caravelas,br,-25.084586321967734,-24.31971702074091,80.69,100.0,80.0,11.41
261,ostrovnoy,ru,71.55845479064908,41.5647731907232,16.25,81.0,64.0,11.63
262,haines junction,ca,59.80101367365222,-141.20270860826275,18.86,70.0,76.0,6.6
263,victoria,sc,-9.436215285170732,58.973591852826075,84.2,79.0,75.0,4.7
264,katsuura,jp,20.69636666266041,152.6268252806912,66.2,63.0,20.0,3.36
266,oyama,jp,33.29593909407049,138.27846598598012,68.0,52.0,75.0,3.36
267,fez,ma,33.19221573592529,-4.154552733202962,55.54,100.0,0.0,3.36
272,khao wong,th,16.94854816199799,103.77919059527517,75.2,69.0,20.0,8.05
273,nome,us,60.544330330632704,-168.49688203170254,69.33,83.0,40.0,3.36
274,kaitangata,nz,-77.40929323755941,179.82044453533013,72.1,55.0,8.0,13.65
275,saint-joseph,re,-30.94764795811183,55.65605708110965,45.27,53.0,0.0,5.82
280,ordynskoye,ru,54.36039902478015,82.10686068024239,20.84,90.0,24.0,11.74
284,mayo,ca,66.34354076496143,-140.5262256387908,28.4,39.0,90.0,11.41
285,coahuayana,mx,18.000853253122813,-103.95418380490278,70.84,57.0,12.0,2.01
286,batsfjord,no,71.03264412499277,30.319070400323483,29.8,100.0,36.0,5.7
288,ferme-neuve,ca,46.78679455566507,-75.11374140232401,17.02,63.0,68.0,1.57
293,hit,iq,32.60656507098315,42.588981495441914,51.35,49.0,0.0,4.03
294,gangtok,in,27.328330260804165,88.87477076724633,36.05,64.0,0.0,0.56
296,serpa,pt,38.01088375005523,-7.506584679730281,50.0,87.0,0.0,3.36
298,puerto colombia,co,13.65882726597188,-77.36424634312145,77.0,83.0,40.0,18.34
299,padang,id,-5.2322203891951915,95.94815822915297,81.28,100.0,0.0,6.26
302,russell,nz,-29.037202558874455,179.89040970699108,69.8,64.0,40.0,3.36
303,huarmey,pe,-10.028251407794727,-78.18329125999445,63.55,84.0,8.0,2.91
305,pisco,pe,-20.304075990652706,-90.70544265424972,71.6,73.0,0.0,4.7
308,talnakh,ru,82.81191724438659,90.5180933649641,-8.77,80.0,48.0,14.99
309,makakilo city,us,7.654672379114672,-163.91599865757442,79.23,65.0,20.0,6.93
311,birobidzhan,ru,49.785801447544856,133.3946955750107,59.68,49.0,68.0,11.41
318,torres,br,-30.88529421560905,-47.60865786094354,69.17,100.0,92.0,5.37
319,waipawa,nz,-45.46843711027483,177.3464827743403,69.71,45.0,0.0,14.09
321,torbay,ca,38.66449016845519,-45.25443373740097,33.8,64.0,90.0,18.34
322,namibe,ao,-14.71258072744061,8.859966213068503,77.45,100.0,88.0,4.92
323,chokurdakh,ru,89.56482557207727,155.37764209464046,5.95,83.0,0.0,5.14
325,mataura,pf,-83.32671987443075,-163.79921096218408,71.65,55.0,8.0,21.59
326,chanute,us,37.64226288716222,-95.55760109831168,30.2,74.0,90.0,9.17
329,udachnyy,ru,67.87195048937846,112.47421609263267,5.45,56.0,64.0,7.72
332,esna,eg,24.705569069436834,32.738349482446694,44.2,76.0,80.0,10.18
337,marmaris,tr,36.90606168435302,28.570687404533004,59.56,72.0,75.0,6.93
339,santa cruz cabralia,br,-16.597477891941736,-37.85010341443876,78.8,78.0,40.0,6.93
341,novikovo,ru,45.78537954305358,144.1270822464495,45.64,98.0,80.0,3.36
342,lavrentiya,ru,70.38760305830178,-172.0361874362647,29.39,95.0,0.0,4.14
345,progreso,uy,-34.67184237033494,-56.300150247510956,69.8,88.0,75.0,11.41
346,geraldton,au,-34.49072376005772,87.01425513770744,15.8,92.0,75.0,5.82
349,aguimes,es,27.524933637029832,-14.907611152321493,60.8,82.0,20.0,4.7
350,bambous virieux,mu,-25.792880814302023,69.6368148428516,80.6,83.0,75.0,11.41
353,ternate,id,3.6354548673794937,127.94596883094039,84.2,62.0,40.0,8.05
358,masunga,bw,-20.175230432440287,27.622178618154322,57.74,71.0,0.0,12.08
362,swan hill,au,-34.08801485660896,143.62851591917405,70.34,60.0,0.0,13.76
363,kodiak,us,48.73943233342368,-144.35325866172928,21.2,92.0,1.0,4.7
364,sept-iles,ca,56.903766442856465,-66.92025897351739,26.6,73.0,90.0,9.17
365,iqaluit,ca,65.17746824985537,-75.55409262128377,8.6,84.0,90.0,10.29
370,roanne,fr,46.132121088524,4.1668431142743145,34.74,86.0,0.0,2.24
371,eidfjord,no,60.15017655494782,7.58439343679953,-11.16,65.0,12.0,2.24
372,darnah,ly,31.847248891837964,22.426258537476514,60.85,100.0,8.0,18.34
374,darhan,mn,45.66350250217897,108.12048967146308,23.09,42.0,68.0,8.16
375,mogadishu,so,-0.08159505251880717,50.421978914879986,82.0,100.0,44.0,8.05
378,ayan,ru,57.381142554261004,140.4073400639263,46.85,47.0,44.0,7.72
384,palana,ru,59.11287174784928,159.5476190409109,37.09,68.0,20.0,11.18
385,petropavlovsk-kamchatskiy,ru,46.38265453923293,164.04520510462942,32.0,76.0,40.0,4.47
386,salme,ee,58.18244739267391,21.774717406925333,65.17,43.0,0.0,3.58
392,kropotkin,ru,59.56844938689042,114.93005834996518,42.58,93.0,24.0,9.62
393,dongsheng,cn,39.506013015222834,110.57213298015296,75.07,92.0,8.0,6.71
395,bubaque,gw,9.75288211319672,-15.990340116625475,75.2,78.0,0.0,4.7
396,port hardy,ca,46.76347567651686,-135.34057276579955,39.2,80.0,75.0,13.87
397,sisimiut,gl,66.4601058723432,-58.150630275522104,12.56,65.0,8.0,2.35
398,micomeseng,gq,1.9874455400274655,10.638065162836398,70.39,98.0,100.0,2.68
402,vanimo,pg,-0.8589783488314282,139.32244743208264,78.94,100.0,80.0,9.17
406,katobu,id,-5.079177227663251,124.24372582845052,85.64,85.0,88.0,4.92
407,broome,au,-20.28824433421802,121.54521224090286,39.92,93.0,88.0,6.93
413,ulaanbaatar,mn,48.62008484883194,108.12959951362905,21.2,29.0,0.0,17.9
414,chililabombwe,zm,-11.826551834078884,28.212293494323177,63.73,89.0,68.0,7.38
416,praia,cv,7.678788904214471,-22.819003130324802,71.6,73.0,0.0,6.93
417,oda,jp,35.71520360134552,132.24229971559345,71.6,49.0,75.0,16.11
418,tura,ru,64.92379916298952,102.13876336588623,76.91,76.0,0.0,3.58
419,sioux lookout,ca,54.15693404062429,-90.44864254495494,17.89,85.0,75.0,10.29
420,aykhal,ru,66.03555314747157,110.05712904976156,0.77,59.0,32.0,10.51
421,norman wells,ca,66.33920811146879,-120.04309241368759,23.0,85.0,90.0,19.46
426,autun,fr,47.12755700424191,4.25782022505723,33.8,86.0,0.0,2.24
428,aljezur,pt,37.34603175024567,-9.3093601272449,57.02,99.0,92.0,12.75
429,moose factory,ca,50.447338466038474,-81.20070820706474,17.6,92.0,90.0,11.41
431,truckee,us,39.122563744449536,-120.55302328034253,56.5,37.0,1.0,11.41
434,chapais,ca,55.60898374424792,-76.22099051068444,5.0,84.0,90.0,2.24
440,bilibino,ru,66.05835576428166,165.01637153987485,36.05,71.0,8.0,5.59
443,kidal,ml,18.50049634043461,3.6269977434087934,68.5,37.0,64.0,2.91
448,cayenne,gf,10.742380984525894,-43.81029674106449,75.2,100.0,75.0,2.24
449,yakeshi,cn,49.396315777961235,121.50961051748709,30.43,42.0,0.0,19.46
451,dikson,ru,84.95781248159375,76.22246329913287,5.95,82.0,48.0,11.63
453,baltay,ru,52.5076970331379,46.466132398826005,30.52,93.0,36.0,8.28
454,clevelandia,br,-26.61401360016469,-52.55331837240976,62.6,100.0,92.0,3.91
456,belem de sao francisco,br,-8.776544689894266,-39.11946889132918,71.15,96.0,92.0,8.72
461,mar del plata,ar,-40.79986850561498,-56.60743033017488,54.5,72.0,0.0,6.71
464,el carmen,ec,-1.4254786671673259,-80.1829223479206,61.61,93.0,90.0,8.05
468,vetlanda,se,57.440740412779235,14.99007624886707,28.4,86.0,92.0,10.29
472,ouadda,cf,8.031837789990576,22.64137951545763,69.94,52.0,0.0,6.15
476,buraydah,sa,26.737987693323788,45.329694636972846,62.6,100.0,75.0,8.05
479,corralillo,cu,23.7334729820644,-80.65796843057899,72.86,86.0,44.0,8.84
482,cherskiy,ru,84.1854617529711,163.80623360125463,30.88,74.0,0.0,7.94
483,mount gambier,au,-48.55824856304979,131.21413273059875,64.54,74.0,92.0,7.49
486,margate,za,-35.112360185488726,35.562852417595025,66.2,34.0,0.0,13.87
490,oneonta,us,42.201653215602846,-75.29842357429617,23.9,64.0,20.0,2.68
492,road town,vg,25.315279020236375,-64.47195962958885,75.2,83.0,20.0,5.82
493,beaverlodge,ca,55.75037481669685,-119.59153427375465,14.0,40.0,20.0,3.36
502,umm lajj,sa,25.672185050640735,36.46146607985489,62.65,100.0,0.0,2.91
505,gucheng,cn,31.96963072015241,111.24826415403993,77.81,68.0,0.0,3.91
509,shannon,ie,52.69997369780472,-8.944325257715604,37.4,86.0,90.0,19.46
511,dingle,ie,51.94267258857951,-12.469046234574762,79.34,100.0,32.0,4.36
512,sibu,my,5.062844397057901,110.13756362370958,86.0,70.0,75.0,2.24
513,hervey bay,au,-23.199785074236644,157.3780021813239,77.72,93.0,80.0,11.97
517,mysen,no,59.523294686102304,11.358390874676104,24.8,58.0,0.0,3.36
519,shieli,kz,43.448823872696636,65.91847012326011,37.18,72.0,0.0,13.98
524,jilemnice,cz,50.64666445427039,15.535979098391863,39.2,60.0,90.0,16.11
526,taoudenni,ml,20.541215262852305,-6.916382390040809,64.31,41.0,8.0,3.69
527,plettenberg bay,za,-42.76154970068791,24.231462282344808,64.18,95.0,0.0,2.68
529,narsaq,gl,82.26356026750707,-59.95608921803914,41.0,30.0,0.0,27.51
531,kupang,id,-13.309012386915953,124.84628211130428,86.09,90.0,12.0,3.36
532,poddorye,ru,57.48886122980238,31.412234872687606,39.2,94.0,92.0,21.25
533,itupiranga,br,-5.7488181305442225,-50.672168898372945,77.0,94.0,20.0,6.38
536,lamu,ke,-2.8847373954186537,42.17360742714098,79.75,91.0,64.0,2.35
544,luderitz,na,-28.852468372981328,8.38892238757299,59.0,93.0,44.0,6.93
554,kez,ru,57.999243318550924,54.05663497109771,20.35,86.0,68.0,2.57
555,buchanan,lr,0.960100840283161,-13.047173668930128,77.0,94.0,75.0,5.82
558,ust-ishim,ru,57.64765104209107,70.95469016310278,23.23,89.0,68.0,6.49
559,urozhaynoye,ru,45.218007767534004,44.9825888408449,40.24,84.0,8.0,14.32
562,shelabolikha,ru,53.575987660262314,82.70808893917433,15.8,85.0,0.0,13.42
567,te anau,nz,-38.94819810049227,163.31139042496488,61.97,66.0,44.0,15.43
569,dicabisagan,ph,16.608826188910015,125.01258675518875,73.27,100.0,88.0,6.38
572,arlit,ne,18.710853593290082,9.574530128885044,63.73,35.0,0.0,2.13
574,nukus,uz,42.5033593929723,59.75414062811248,30.2,58.0,0.0,4.7
575,viedma,ar,-40.53733268118084,-62.75181927573843,57.25,86.0,0.0,11.07
578,marawi,sd,21.046631005722674,26.69260784716664,82.85,63.0,12.0,3.02
580,marzuq,ly,25.90362756406647,14.149951462218866,48.79,52.0,0.0,2.57
582,tilichiki,ru,59.33184074449525,170.8025385208673,33.4,88.0,68.0,15.99
583,hyeres,fr,43.21713048704015,6.331598739006552,48.92,71.0,0.0,8.05
584,carutapera,br,2.0475999350261844,-44.7330918709836,74.12,100.0,92.0,1.68
588,portland,au,-45.08969823879988,137.59477791667126,45.95,93.0,90.0,3.47
595,sandnessjoen,no,65.74507210109601,12.620957829831298,30.2,100.0,40.0,5.82
599,beringovskiy,ru,52.19088723479396,178.7290052141102,32.27,95.0,0.0,9.4
601,ribeira grande,pt,28.71892247317686,-41.453486988437845,62.47,98.0,92.0,16.55
602,tabory,ru,59.14365088256977,64.86295469727085,35.02,97.0,92.0,24.83
603,malinovoye ozero,ru,50.97941575037174,78.70918606224285,16.93,91.0,44.0,5.7
618,narasannapeta,in,15.306417483421242,86.72659039351754,78.44,76.0,0.0,4.25
625,harper,lr,-0.5452858256345934,-11.854420238776925,72.23,64.0,1.0,11.07
626,clemencia,co,11.654053507301938,-76.42960221849549,78.8,83.0,20.0,9.17
629,khorixas,na,-19.218844450442987,14.708897182384135,61.97,92.0,44.0,2.91
634,lasa,cn,31.547993445556514,91.3832699137252,53.04,81.0,0.0,4.7
638,isangel,vu,-21.6176757246794,173.81911248308694,81.73,98.0,76.0,16.78
639,calvia,es,38.51747024312988,2.5069060258448133,41.0,93.0,0.0,1.12
640,nizhniy tsasuchey,ru,49.45227764606781,114.73650891979639,25.75,32.0,0.0,21.14
641,hinatuan,ph,8.486623532144222,126.51125612202668,81.86,100.0,12.0,7.83
647,puerto leguizamo,co,-0.510040462180811,-74.32902559254218,75.11,84.0,8.0,3.58
648,vicksburg,us,32.38213506806561,-91.35419960753849,67.06,64.0,24.0,5.82
654,college,us,69.65715706049033,-148.51546963400997,32.58,40.0,75.0,8.05
657,sur,om,17.384087546229324,61.29037755195694,79.97,83.0,0.0,2.13
658,lorengau,pg,4.356281764219602,148.49472837085352,83.35,99.0,32.0,8.84
671,zabol,ir,31.64472012388859,60.36421144758938,53.6,54.0,0.0,24.16
672,msanga,tz,-5.6024831843144085,35.91069198849587,61.39,92.0,44.0,3.13
673,sorland,no,68.67060827028504,7.740945895490199,35.24,100.0,68.0,5.59
674,lebu,cl,-29.885801464438998,-94.41864805769275,46.49,83.0,20.0,2.91
677,lagoa,pt,39.46699425835024,-28.782417692321133,57.2,93.0,75.0,5.82
678,meghri,am,38.91515631786555,46.231703390672806,25.7,81.0,0.0,0.34
680,kununurra,au,-18.01708383203892,127.71610873542926,96.8,39.0,0.0,4.7
681,saint-pierre,re,-27.13610649794378,53.31573245380548,40.01,80.0,0.0,9.17
689,muros,es,45.98506389648975,-13.557908479725626,48.2,100.0,75.0,10.29
699,tarauaca,br,-9.421852328439357,-70.84353335246335,72.95,96.0,24.0,2.01
701,katangli,ru,53.020729837978934,146.99968492269278,32.14,98.0,0.0,10.07
705,benghazi,ly,32.26046804870444,18.465466085671835,55.4,76.0,20.0,17.22
707,vao,nc,-26.821606839743367,174.1694933118876,32.54,95.0,92.0,13.65
708,khandyga,ru,62.87609970688462,134.92649759327116,30.02,57.0,80.0,3.58
709,nuuk,gl,63.094828937519395,-51.23179974643298,30.2,63.0,8.0,2.24
711,yellowknife,ca,82.1221276227975,-110.30397972496483,8.6,50.0,20.0,6.93
712,palmer,us,62.35647129909134,-148.01272220434987,68.0,49.0,20.0,17.22
723,oistins,bb,11.87053769769274,-58.49933828152298,77.0,78.0,20.0,11.41
726,weihai,cn,38.23062954796103,122.66100462735147,48.65,77.0,0.0,15.66
729,salem,us,37.60840626225887,-80.20342431276022,47.44,76.0,90.0,17.22
730,nantucket,us,39.94861655822942,-68.30683119528936,43.52,65.0,1.0,9.17
732,vanavara,ru,62.78104126659781,104.56818014990364,12.74,53.0,56.0,9.28
735,puerto carreno,co,5.737987670427017,-65.87267161816109,80.6,83.0,75.0,4.7
737,serenje,zm,-13.032248707908437,31.155478575894534,61.52,92.0,32.0,10.18
740,cockburn town,bs,24.747238711418802,-73.38594238659414,75.2,100.0,92.0,16.11
741,kosjeric,rs,44.05455967316345,20.06206991552068,39.52,99.0,0.0,3.36
743,vestmannaeyjar,is,61.12380731471032,-18.450263545177336,37.63,94.0,92.0,11.3
751,necochea,ar,-45.137912343368654,-56.76291705491629,57.02,100.0,56.0,6.04
752,finote selam,et,10.77013533675624,37.51531962722001,45.95,86.0,0.0,3.58
753,barra do garcas,br,-14.721368588295746,-52.71951081451378,74.75,85.0,24.0,2.68
755,asyut,eg,26.639516831376014,30.655001663320178,59.0,62.0,0.0,11.41
761,oytal,kz,42.8773210301907,73.87156623462516,37.85,100.0,20.0,7.38
768,mwinilunga,zm,-11.279407453812638,23.68964695885097,60.8,94.0,36.0,3.47
769,tiznit,ma,27.740166477213833,-10.21281996295258,56.12,99.0,88.0,2.68
786,nalut,ly,30.612437756053552,9.53208944863411,57.2,52.0,92.0,3.91
796,bulancak,tr,40.81410132489094,38.053480466282934,55.27,49.0,0.0,6.38
799,emerald,au,-25.923279419567507,142.96445135454678,81.64,68.0,64.0,15.99
800,de-kastri,ru,50.832280023859255,140.09375210806462,30.52,96.0,24.0,6.04
801,eftimie murgu,ro,44.8401402553213,22.086754322115183,42.8,75.0,0.0,3.36
802,mopipi,bw,-21.950103028464937,24.772891598638466,63.86,49.0,0.0,10.63
807,wagar,sd,17.031990919858984,35.17057049242422,64.67,44.0,8.0,5.7
810,ambato,ec,-1.1853065038541644,-78.77320974306218,57.2,71.0,75.0,4.7
815,ballina,au,-30.820450384650066,158.66764331826596,38.84,100.0,92.0,20.47
817,fortuna,us,36.19403890936887,-133.38026707376292,53.6,68.0,0.0,6.93
818,pangkalanbuun,id,-1.815078299162991,110.29916214917836,86.09,87.0,20.0,4.7
825,tonantins,br,-2.862863968186801,-67.4859230928481,76.82,92.0,12.0,3.02
826,lima,pe,-15.085034433142155,-82.8886573990708,56.66,88.0,0.0,1.68
835,nioro,ml,17.182890770398302,-9.063854465853979,76.33,32.0,0.0,10.29
836,saint paul,ca,54.29905212225472,-111.55407549116224,25.54,58.0,1.0,3.36
837,laem sing,th,12.08173506582122,101.95164245385757,78.8,94.0,20.0,3.36
839,hay river,ca,61.29016361860769,-117.27892146429235,12.2,72.0,20.0,2.24
843,karasjok,no,68.78998931886773,24.823247122306242,21.2,73.0,76.0,8.05
846,vostok,ru,49.22070446460813,146.7620579159373,50.09,63.0,64.0,7.16
848,chuy,uy,-39.16878096754567,-45.80095704371158,68.45,97.0,92.0,15.66
852,lata,sb,-3.842056131642366,166.75566541524836,55.54,57.0,0.0,1.68
857,gagarin,uz,40.46210166725757,68.28627838669408,45.14,89.0,20.0,3.69
860,kedrovyy,ru,56.8602998997346,79.69366241220195,23.0,73.0,75.0,11.18
862,darasun,ru,51.163912430776975,113.98114923995092,24.8,23.0,0.0,17.9
863,lompoc,us,20.61937978707006,-133.97592162654112,55.78,87.0,20.0,10.29
866,west point,us,33.68305135288894,-88.59180933328527,62.64,59.0,1.0,4.14
871,baijiantan,cn,46.06115969089353,85.68216213569787,36.82,86.0,64.0,8.72
872,port blair,in,11.023336239258171,89.67629959757511,82.76,100.0,20.0,9.95
874,lubao,cd,-5.288871827056653,24.920684786025788,84.2,66.0,20.0,13.87
876,puno,pe,-15.722398228378353,-69.90584922756615,48.2,42.0,0.0,6.93
880,chopinzinho,br,-25.669782655070946,-52.666088111196714,66.34,98.0,92.0,2.91
881,port moresby,pg,-11.337478612354204,145.44982714140258,89.6,62.0,20.0,10.29
884,maceio,br,-13.52114248262319,-30.282114028158645,75.2,83.0,75.0,6.93
887,fairbanks,us,72.8070886148293,-144.00630272644176,32.58,40.0,75.0,8.05
888,llangefni,gb,53.21175727459968,-4.333895810580401,39.2,86.0,92.0,16.11
892,mandalgovi,mn,43.989866561180776,105.70418710265028,28.63,84.0,92.0,12.08
895,kulhudhuffushi,mv,7.2578477825483105,65.53621456492692,81.95,100.0,56.0,1.9
901,kalmunai,lk,6.8288455408655295,85.1449216722853,80.74,91.0,0.0,4.47
903,marathon,us,24.145865046176,-80.36174273885311,23.45,78.0,44.0,14.54
904,pinhao,br,-25.470796142252453,-51.88118435371021,63.5,100.0,92.0,2.57
906,dehui,cn,44.95198166977221,125.38994849645798,62.6,51.0,75.0,15.66
907,homer,us,58.20127809561444,-150.60279688331215,45.37,31.0,1.0,13.87
911,muzhi,ru,66.13647697710374,64.50992665488133,-2.52,61.0,8.0,3.13
912,namatanai,pg,-2.007737943824722,153.6341585330311,85.6,93.0,44.0,7.72
913,bereda,so,15.058478716383021,51.041798605955535,53.6,87.0,92.0,8.05
914,iida,jp,35.59585925223196,137.90505686079712,62.83,48.0,0.0,0.89
915,samarai,pg,-14.569297799914096,155.5036283643159,84.34,100.0,8.0,5.03
920,olga,ru,43.43601571695467,136.09059197784552,60.33,77.0,1.0,6.93
921,kongolo,cd,-5.419489057536822,26.776930356456546,71.2,95.0,20.0,0.67
924,tibagi,br,-24.42599341204037,-50.38087377373563,65.44,98.0,100.0,3.58
928,calderitas,mx,18.858447753147544,-87.15325576943737,78.8,74.0,20.0,5.82
939,nhulunbuy,au,-13.637445195401696,140.5325951679501,93.2,46.0,40.0,10.29
941,manaus,br,-1.0000636222066817,-59.811296840168836,75.15,88.0,75.0,2.24
943,fuyu,cn,47.28356707825009,125.01439935044777,44.83,49.0,32.0,17.45
944,dinar,tr,38.01531049963444,29.6303522201691,46.63,75.0,0.0,2.24
949,binzhou,cn,23.682612106918924,108.39569503747532,85.42,39.0,0.0,14.2
954,zhireken,ru,52.95878959250902,117.92222299709385,23.32,25.0,8.0,9.73
955,kahului,us,25.617147390440522,-152.16826007996616,77.54,65.0,40.0,8.05
958,hasaki,jp,33.66410654442686,144.81361275270484,68.65,60.0,0.0,5.82
962,corn island,ni,13.02258248432419,-82.65520124939056,79.03,100.0,68.0,7.61
964,warrnambool,au,-39.629138990218124,143.03576997774002,63.59,86.0,92.0,15.66
972,menongue,ao,-14.767589183954385,19.35168692295636,58.01,92.0,8.0,2.35
973,ambilobe,mg,-11.159617421703189,49.12565911554111,69.44,98.0,64.0,1.9
975,ergani,tr,38.270525172723865,39.816874925972485,40.12,81.0,0.0,6.93
987,reconquista,ar,-28.4186896559559,-60.62467386839205,72.73,68.0,0.0,8.5
998,morehead,pg,-8.17394367442921,141.80372422171416,44.6,93.0,90.0,4.7
999,meulaboh,id,3.8335790480151246,96.42802583914249,81.73,100.0,0.0,3.91
1001,aksehir,tr,38.31591760574693,31.334822985092273,48.25,60.0,0.0,11.3
1005,tautira,pf,-17.935840284831926,-144.31695653287534,87.8,58.0,40.0,2.24
1008,mana,gf,9.910607309193963,-53.30820833795627,39.04,81.0,40.0,4.7
1013,kalianget,id,-5.971916093745577,115.52453599895529,82.31,94.0,36.0,3.02
1016,manono,cd,-7.276290608298353,26.16242700574682,69.44,96.0,44.0,3.91
1017,bilma,ne,20.126857707638393,14.41698330910529,57.25,40.0,0.0,2.8
1023,palmerston,au,-12.72650365946835,129.36396917060654,28.4,79.0,75.0,8.05
1031,maykor,ru,59.022655766470194,55.62949423490693,21.65,82.0,76.0,3.69
1038,teguldet,ru,58.713001846169306,87.13105628910284,17.38,54.0,32.0,3.58
1040,mizdah,ly,30.356977156966252,12.810707920859358,53.65,66.0,92.0,5.59
1046,zambezi,zm,-12.940565414044784,21.986097075925528,65.98,86.0,20.0,6.38
1051,letterkenny,ie,55.07649356390735,-8.014485977534605,40.01,100.0,88.0,22.93
1053,piranshahr,ir,36.229097261731056,45.18055184058446,36.14,59.0,0.0,2.13
1057,okhotsk,ru,59.594433377280836,143.49684625403057,36.86,68.0,88.0,6.49
1059,lazaro cardenas,mx,16.524203198907145,-102.64185538156258,75.2,16.0,40.0,13.87
1061,zhigansk,ru,66.79046042751688,126.06026155401469,18.82,69.0,24.0,5.59
1063,poum,nc,-22.513486146412177,160.47102146904876,30.43,96.0,36.0,1.9
1071,boone,us,42.118143875704504,-94.03592431559468,56.44,66.0,75.0,3.8
1072,lososina,ru,48.53453476342747,141.04599189411522,41.99,69.0,12.0,13.76
1074,mgandu,tz,-5.8400450802314765,34.06823270562805,61.16,95.0,44.0,6.71
1075,birao,cf,11.325793560038917,22.606903853458647,67.37,47.0,0.0,5.37
1078,boffa,gn,9.852493741305508,-14.2471794935866,72.32,94.0,0.0,3.02
1085,naryan-mar,ru,68.80524544912669,52.13231421847897,-2.38,61.0,24.0,3.47
1086,novoulyanovsk,ru,54.12505593963277,48.39275371966713,33.8,94.0,90.0,6.71
1087,sola,vu,-13.467253933628356,169.6638009128419,25.68,86.0,0.0,2.24
1089,lernakert,am,40.55724374753254,43.9323951219817,32.05,79.0,0.0,2.57
1093,dunedin,nz,-54.14448817324498,178.47196881258247,69.94,52.0,20.0,14.76
1097,jatara,in,25.028375996140355,78.82124917180124,83.21,40.0,0.0,4.36
1104,vardo,no,70.27863251543687,32.00251515467801,46.17,57.0,1.0,3.36
1106,naze,jp,21.72735237210081,138.13821922915662,75.02,93.0,64.0,6.71
1108,ulaangom,mn,49.93487930976249,92.63706437681083,7.7,62.0,0.0,3.24
1120,pevek,ru,88.60271290424512,171.1924736288908,29.39,82.0,0.0,15.43
1126,ukiah,us,35.08295291679187,-130.83717055163697,66.2,34.0,1.0,10.29
1127,lagdo,cm,8.722060742913698,13.75853028238987,75.34,69.0,12.0,2.91
1128,ketchikan,us,56.829877343502574,-130.6218128355551,44.6,33.0,1.0,6.93
1129,dzaoudzi,yt,-11.47656112255872,47.249150917356076,80.6,78.0,75.0,4.7
1134,villa san giovanni,it,38.34249764721284,15.668927154425035,41.9,33.0,0.0,8.05
1138,santo domingo,do,18.524956620829784,-69.9172771929952,75.2,83.0,75.0,5.82
1139,leh,in,35.52141262141866,82.9049955238084,2.84,85.0,24.0,0.67
1140,escanaba,us,45.56285945591344,-87.50618447765004,23.0,57.0,1.0,10.29
1144,la ronge,ca,60.60559413738861,-103.64248360405313,6.8,50.0,20.0,4.7
1148,baruun-urt,mn,46.917816093203214,113.0344787981586,24.58,42.0,88.0,13.2
1150,mabaruma,gy,8.271671426215931,-60.65228035791398,76.64,90.0,20.0,7.49
1151,sabha,ly,25.79446856246618,17.824831035811627,68.81,29.0,76.0,13.42
1153,cidreira,br,-41.223371804782936,-35.62686076237628,69.22,97.0,92.0,7.94
1157,vila franca do campo,pt,35.0571885024914,-23.777402597388033,60.8,82.0,75.0,11.41
1158,jumla,np,32.886318618342045,84.16353311625312,34.75,69.0,0.0,1.79
1160,aiken,us,33.92496865526198,-81.84160196734096,62.65,54.0,1.0,5.82
1168,sabang,id,6.935920606115715,90.50827574178732,77.27,100.0,88.0,3.8
1170,sitka,us,45.23471187249913,-139.3535120285462,38.08,55.0,24.0,9.73
1178,puerto ayacucho,ve,4.6843970278989815,-65.56472969843082,80.6,83.0,75.0,4.7
1179,tuy hoa,vn,12.610125865890168,110.53661943656556,74.39,97.0,92.0,8.39
1183,port keats,au,-13.077466444114066,128.2425599273726,93.92,74.0,0.0,5.59
1186,charlestown,kn,16.228423117790356,-63.30457823410181,41.99,33.0,1.0,5.82
1196,casper,us,42.29922171268058,-106.39224172849725,44.6,56.0,1.0,11.41
1199,kurchum,kz,48.089468903359005,83.45149579546194,23.45,100.0,48.0,3.91
1201,flinders,au,-29.967450034084514,133.2858821758379,73.4,69.0,44.0,8.05
1204,san luis,ar,-31.918715662740055,-66.83229836948642,64.99,81.0,68.0,10.18
1206,great falls,us,47.94671296174644,-112.57950549654738,27.52,86.0,75.0,11.41
1207,busembatia,ug,0.6985367086634824,33.78601320611028,63.86,91.0,44.0,2.68
1210,nikel,ru,68.99788280000874,30.032047182947082,8.6,84.0,8.0,6.93
1213,kokstad,za,-30.770912759674104,28.945098987882943,49.42,85.0,12.0,2.13
1215,erenhot,cn,43.29958754308046,113.88562049738249,47.84,54.0,0.0,18.45
1216,zhezkazgan,kz,47.63444325743873,67.78338771427215,21.2,92.0,40.0,6.71
1217,redmond,us,44.786351218605034,-120.97558643912802,44.4,75.0,75.0,10.29
1218,lubango,ao,-15.54952791059236,14.537213479202734,63.41,94.0,36.0,3.02
1219,maltahohe,na,-24.527202808189415,17.205145320807503,56.21,95.0,0.0,4.36
1220,berlevag,no,80.9778839949428,32.10344854995634,14.99,100.0,12.0,3.36
1222,metro,id,-4.440244015107908,105.23972662816652,81.28,100.0,44.0,4.7
1223,manjacaze,mz,-25.539604428807948,35.131783741301234,67.64,90.0,8.0,3.13
1225,nouadhibou,mr,22.188184119992385,-17.568105831195624,62.6,88.0,40.0,13.87
1229,bundaberg,au,-24.015440244585307,153.02361447211058,77.54,98.0,92.0,17.11
1230,carauari,br,-4.950331545902088,-66.22593128134189,76.24,96.0,20.0,1.12
1232,nichinan,jp,30.24050188185413,133.76289326621958,67.71,60.0,20.0,6.93
1233,zaqatala,az,41.827472308019395,46.89958952559127,46.4,81.0,90.0,2.24
1234,vacha,ru,55.96835977826359,42.73020763872961,35.29,97.0,92.0,11.97
1237,san vicente,ph,19.09306106939914,124.73307663179804,76.1,88.0,0.0,6.93
1240,la canada flintridge,us,34.35876519265099,-118.15240384370958,60.62,77.0,1.0,6.93
1247,saysain,ph,14.439941547781572,120.21660035274078,84.2,66.0,20.0,13.87
1251,mount isa,au,-20.3970998957534,140.0790802874348,95.0,26.0,0.0,12.75
1252,sinnamary,gf,13.568763061421265,-49.71683171655454,78.22,100.0,92.0,7.72
1253,bela crkva,rs,44.887317647511736,21.493460087333517,42.8,75.0,0.0,3.36
1254,anloga,gh,1.7789852265167525,1.8464672186492805,84.2,83.0,40.0,13.87
1255,rawson,ar,-47.34936171470303,-59.79410925729765,65.53,47.0,0.0,12.41
1257,tupik,ru,55.03986055757318,120.78239606298615,20.57,35.0,64.0,11.41
1261,lebane,rs,42.79284679934477,21.696516325961312,39.09,93.0,75.0,1.12
1262,sinazongwe,zm,-18.3964247162571,28.37002904799948,67.64,100.0,32.0,4.36
1263,mujiayingzi,cn,43.335495010424296,117.41025728396545,52.3,77.0,36.0,10.18
1269,antofagasta,cl,-24.013129315638693,-73.6686948303935,66.2,63.0,20.0,2.24
1271,glenwood springs,us,39.1524794886914,-107.19230282516978,49.68,43.0,1.0,19.46
1277,changqing,cn,36.355563942634404,116.86340456496288,73.4,69.0,44.0,4.47
1279,murgab,tm,37.07791238530139,63.11347354468103,50.0,57.0,75.0,2.24
1280,loei,th,18.07599384485181,101.6562091825864,71.6,94.0,40.0,2.24
1284,oktyabrskiy,ru,49.20799280399024,118.4050120432176,35.6,93.0,90.0,15.66
1286,hokitika,nz,-41.30010981105397,167.59491161353793,59.32,100.0,92.0,10.29
1287,matagami,ca,52.47760592327819,-76.421306013596,69.4,51.0,32.0,4.14
1288,hofn,is,58.392268575156265,-14.641251523367288,30.11,100.0,88.0,5.14
1289,puerto concordia,co,2.5735675851451276,-72.77209925187037,75.11,89.0,24.0,3.24
1292,mae sai,th,20.926639017981856,99.59261936268922,73.4,100.0,20.0,2.24
1294,mikuni,jp,37.85449418623959,134.81577455694725,66.2,52.0,75.0,2.24
1310,jiayuguan,cn,41.28584155986195,98.6639473803454,43.03,83.0,0.0,3.47
1311,kpalime,tg,6.880427931085691,0.7814423086445004,72.95,98.0,32.0,4.36
1313,kinkala,cg,-4.3784137473251405,14.393168492337821,75.2,88.0,20.0,8.05
1315,gautier,us,30.3812809751643,-88.60579784853105,62.33,93.0,1.0,4.92
1318,svetlogorsk,ru,67.85281410924216,92.70431822125539,28.4,79.0,75.0,13.42
1319,voh,nc,-25.723045154336603,160.30079950671558,80.47,93.0,64.0,13.65
1321,marevo,ru,57.413386677696025,31.725078140956043,32.0,96.0,0.0,4.7
1324,chervishevo,ru,56.85852167605461,65.32584161652181,26.6,86.0,90.0,6.71
1337,majene,id,-2.6462168485778363,117.80547613944913,81.64,100.0,36.0,1.9
1339,fengzhen,cn,40.64491259046761,113.32727703421716,68.54,30.0,0.0,6.04
1348,cadereyta,mx,25.642098301076274,-99.98942523109415,82.4,30.0,20.0,8.05
1358,priladozhskiy,ru,60.48729229330286,31.498123890049044,32.0,90.0,90.0,17.9
1361,mapiripan,co,3.5821632488261486,-72.1825039918508,74.35,91.0,36.0,4.36
1362,atasu,kz,48.30644584865502,69.93093044650058,25.93,60.0,36.0,7.16
1373,bratsk,ru,55.87600252841855,101.46199739467176,15.8,66.0,75.0,8.95
1382,korem,et,12.437166458193289,40.17615932953393,45.77,82.0,0.0,1.12
1385,behshahr,ir,36.689441807266135,53.48796813313183,50.0,93.0,90.0,2.24
1386,jamame,so,-0.4577589005373284,43.820131168949246,75.97,93.0,56.0,5.03
1389,sangin,af,32.6631618527105,64.74829733943983,61.25,57.0,0.0,3.91
1398,mazagao,br,-0.5348549944429664,-51.91662219734644,78.8,100.0,0.0,2.24
1404,huilong,cn,32.36585061679361,124.7936459635228,70.34,81.0,0.0,3.13
1407,shimoda,jp,32.56398719551758,139.1520918350074,64.4,77.0,75.0,8.05
1430,anadyr,ru,66.64330661702351,177.4036019730762,37.4,59.0,0.0,22.37
1432,vikarabad,in,17.445713161743583,77.7383414251666,74.3,83.0,40.0,5.82
1437,georgetown,us,38.38061028981707,-84.64547150799865,74.89,88.0,32.0,5.59
1441,lincoln,ar,-34.990953157020684,-61.181593484466546,39.2,100.0,90.0,11.41
1443,souillac,mu,-34.640822501080436,63.52025162865789,50.0,61.0,0.0,6.93
1451,kunyang,cn,27.724587604731965,120.51856142020358,71.24,69.0,0.0,6.6
1453,bosaso,so,12.508127917271523,48.51769997172221,79.7,96.0,56.0,7.38
1458,canmore,ca,50.89893513535824,-114.8960088426114,14.0,85.0,90.0,6.93
1460,ust-kuyga,ru,71.38390093170256,133.44075569333876,21.02,74.0,12.0,10.4
1463,conakry,gn,8.754699844497026,-14.483466091085887,77.77,100.0,0.0,6.6
1465,nabire,id,-2.5138769216256946,136.44988839472262,77.68,85.0,56.0,2.57
1466,grand-lahou,ci,4.387625377558223,-4.94359663190761,77.81,92.0,44.0,5.48
1476,buin,pg,-6.27451785706387,157.5826391791619,62.6,63.0,0.0,10.29
1477,parakou,bj,9.162596942430298,2.8807512491246996,73.27,50.0,8.0,6.15
1481,itoman,jp,25.383061619928327,127.65900354233298,74.52,53.0,40.0,10.29
1488,iskateley,ru,68.52271093666772,54.87700223338459,-7.42,62.0,0.0,2.91
1496,san lawrenz,mt,35.62140135386697,12.668289187309142,51.8,76.0,0.0,8.05
1499,mildura,au,-32.58214764873446,143.66392192503758,71.42,63.0,0.0,13.42
1501,fort nelson,ca,61.172945387298455,-121.59421759472258,32.0,66.0,20.0,6.93
1505,thung song,th,8.135363289937743,99.39324667781705,78.8,88.0,20.0,1.12
1508,jalingo,ng,8.901389805131714,11.725922833729356,74.89,33.0,0.0,8.39
1509,kriel,za,-26.39554730313715,29.310088125989722,55.54,97.0,36.0,5.48
1517,kaeo,nz,-28.65032942900264,173.9525976403607,74.62,49.0,0.0,0.78
1519,ahipara,nz,-34.2034066203048,170.75026237900613,71.69,68.0,0.0,7.38
1520,yar-sale,ru,68.047691563613,72.40144648600909,-11.61,76.0,0.0,9.73
1523,sarandi,br,-27.909879260152273,-52.61166822803824,62.6,99.0,92.0,4.14
1525,barcelos,br,-0.28794175356867413,-61.17185904922614,56.23,71.0,75.0,16.11
1528,raghogarh,in,24.28129664523631,77.21781425575517,81.14,34.0,0.0,5.14
1532,eureka,us,41.68312105522375,-134.21152675078292,51.78,71.0,1.0,11.41
1533,houma,us,29.248268002183806,-90.97442199311752,76.64,38.0,0.0,3.24
1535,kirkcudbright,gb,54.76283805079021,-4.132742176050556,39.25,100.0,92.0,23.15
1536,altay,cn,45.81833119311179,90.63453355104429,18.64,61.0,0.0,1.57
1541,imbituba,br,-29.019884513587698,-46.044846097214645,75.2,94.0,0.0,3.36
1543,hovd,mn,45.94209681774248,101.67143366248166,30.2,86.0,20.0,8.05
1545,taksimo,ru,55.023849333889245,115.06526202674735,15.8,33.0,48.0,5.14
1546,yaring,th,8.647935435081422,102.31816708777325,78.8,83.0,20.0,6.93
1547,rock sound,bs,24.731720112846375,-76.4582536262351,73.72,100.0,80.0,17.0
1558,kangaatsiaq,gl,68.5113313971745,-57.81916648008912,16.79,86.0,0.0,4.36
1562,luganville,vu,-14.901023846755962,164.1677164430858,79.48,100.0,88.0,5.14
1568,tuensang,in,25.600509816026445,95.43191893559617,76.37,40.0,8.0,2.35
1576,kpandu,gh,7.189525101221122,0.14121302282393344,78.44,81.0,24.0,9.4
1582,banamba,ml,14.000704303499617,-7.046478049298912,81.77,57.0,76.0,3.91
1584,eyl,so,6.301910632924418,52.89954919089223,80.38,98.0,92.0,4.7
1585,novyy urengoy,ru,69.62206805568061,75.4940630502515,-10.62,72.0,8.0,11.97
1587,manokwari,id,2.6729717142628147,133.15850439679872,86.32,90.0,36.0,7.27
1591,kindu,cd,-2.2771645144154604,25.92624687010249,72.28,97.0,12.0,2.35
1592,cururupu,br,2.0005165851322175,-42.78877146614366,77.32,97.0,88.0,3.58
1597,sao jose da coroa grande,br,-11.218825723838847,-30.614074464647928,74.62,100.0,92.0,3.91
1599,acapulco,mx,10.584315621640172,-103.47539628060052,78.8,88.0,5.0,10.29
1604,lagos,ng,5.771052707025419,3.3511043287862208,80.6,94.0,20.0,2.24
1605,koygorodok,ru,60.78122294714208,51.56920109950852,13.24,71.0,0.0,2.8
1610,dombarovskiy,ru,50.82266817901046,59.10018412920613,24.62,86.0,92.0,7.61
1613,sterling,us,39.85527736624175,-101.90909164456438,52.47,54.0,90.0,6.93
1614,mbanza-ngungu,cd,-5.036975127093115,15.111115702835917,69.89,98.0,88.0,4.7
1615,bathsheba,bb,23.138350439311793,-44.308563044851695,77.0,78.0,20.0,11.41
1617,parakai,nz,-36.60023621210688,173.96730740500607,69.8,56.0,0.0,9.17
1622,salinas,mx,22.554351637833108,-101.75532868462639,60.35,59.0,1.0,13.87
1624,lodja,cd,-2.9814467223214933,23.91693498237632,72.55,96.0,24.0,2.35
1628,kanigiri,in,15.532719437558129,79.69167914459655,77.81,86.0,0.0,6.15
1630,komsomolskiy,ru,45.68233151854801,45.644304379474846,-12.19,39.0,24.0,3.13
1631,iracoubo,gf,10.030152467888755,-51.36288174874858,77.27,89.0,88.0,4.36
1636,iralaya,hn,15.480248328605597,-80.28249870164994,73.94,100.0,68.0,5.37
1648,hun,ly,27.941713598924864,15.617539255280434,39.92,80.0,0.0,4.7
1651,yumen,cn,37.52348238985394,95.02572320727211,48.56,50.0,12.0,12.86
1655,pocatello,us,42.72892462030467,-112.85231953309233,51.8,50.0,20.0,8.05
1661,todos santos,mx,23.18924147796008,-110.03276308477255,81.25,27.0,75.0,5.82
1664,terney,ru,45.91913656959048,137.30030276342745,37.85,88.0,56.0,14.76
1665,ambon,id,-4.537804404021813,125.61110236669066,51.8,71.0,0.0,12.75
1668,pucara,pe,-7.72763445164874,-77.43947630420723,60.8,82.0,75.0,2.68
1669,severomuysk,ru,55.776640146581826,113.86349345813682,8.42,62.0,48.0,4.14
1684,george town,ky,18.52977145278524,-81.6676019652126,84.2,79.0,75.0,2.24
1686,chengde,cn,41.7720850875389,117.28409094604348,77.54,27.0,36.0,5.59
1688,zhenhai,cn,29.837832815172703,121.86271776503042,77.0,61.0,44.0,8.95
1689,bontang,id,0.20394173517868808,117.41290610689941,78.17,100.0,88.0,0.34
1690,gornyye klyuchi,ru,45.3382895729832,134.09834095691286,56.35,62.0,68.0,15.43
1693,sidi ali,dz,35.793397536266426,-0.03548057523971693,61.03,57.0,0.0,10.07
1698,srednekolymsk,ru,65.8314014719308,155.22199149570275,34.84,70.0,8.0,5.37
1707,puerto suarez,bo,-18.751896763141943,-58.205783816543686,71.29,100.0,92.0,2.24
1717,cartagena del chaira,co,1.225183967329258,-74.76984459138737,73.9,96.0,32.0,2.13
1728,altamira,br,-3.5559888439790512,-52.47599790413486,75.2,94.0,0.0,1.12
1732,guerrero negro,mx,20.70321302532797,-124.66810188384059,57.7,92.0,20.0,8.28
1733,yaan,cn,29.59181521160113,100.8419318014216,77.09,87.0,48.0,10.63
1735,laguna,br,-32.31781099104632,-40.98422203482272,77.0,25.0,40.0,2.57
1739,yashkul,ru,46.19105812008493,45.23751596407527,38.66,89.0,0.0,16.22
1741,senno,by,54.02991261244131,28.92025434376569,35.6,93.0,92.0,8.95
1743,tefe,br,-3.9752362085566233,-65.28402294646033,76.64,93.0,36.0,6.6
1748,kamaishi,jp,36.81044170390439,145.23207693062983,51.8,71.0,75.0,9.17
1750,scottsbluff,us,41.334077900723855,-103.52065285595597,38.55,80.0,1.0,17.22
1752,vilhena,br,-12.388118928391776,-59.79530222098843,68.23,97.0,8.0,2.01
1756,bukan,ir,36.46957792314912,46.52274865817648,26.02,74.0,0.0,4.14
1757,porto de moz,br,-2.1816331094663894,-52.71856368328261,78.35,88.0,20.0,6.38
1760,ibaiti,br,-23.767144603491445,-50.44665406611361,66.47,99.0,92.0,2.24
1762,hamilton,bm,30.66739676524608,-70.50237499336664,68.0,88.0,75.0,2.24
1767,kennett,us,36.33902642299681,-89.9900989900182,40.41,86.0,90.0,14.99
1769,pacific grove,us,35.65933354590122,-124.04570134440061,60.39,58.0,1.0,6.93
1773,le moule,gp,16.491729485234444,-61.17742398870301,71.6,88.0,88.0,2.24
1786,villa sandino,ni,12.234107180398624,-84.84973318109418,76.01,70.0,0.0,9.4
1787,kudat,my,6.455078820546575,116.95924307722288,84.2,70.0,75.0,4.7
1792,verkhoyansk,ru,66.88954034699435,132.86906873413085,23.59,73.0,8.0,4.7
1794,dehloran,ir,32.67290675252164,46.939614799028334,54.59,59.0,0.0,2.13
1805,bure,et,10.449922048469887,36.23856352738974,69.85,45.0,8.0,4.7
1806,pozo colorado,py,-23.7599563483583,-59.081680547684485,72.59,90.0,44.0,5.7
1810,teknaf,bd,19.366985963948125,89.84447170995111,82.72,65.0,76.0,2.91
1812,batouri,cm,4.790499744246816,14.24343375371862,68.0,98.0,64.0,4.7
1814,igarka,ru,67.61175887618566,86.75375002291435,-4.72,81.0,64.0,13.2
1823,cobija,bo,-12.007721078615305,-67.91826929845196,71.69,97.0,0.0,2.13
1836,guadalajara,es,41.127413467330825,-3.362101865373745,50.04,70.0,0.0,1.12
1842,akdepe,tm,41.89849940529757,56.67829914788675,34.66,64.0,0.0,6.93
1851,shangqiu,cn,34.55820575205898,115.54901455810818,78.35,74.0,0.0,9.73
1860,mackay,au,-21.420237710475817,149.77117903048014,23.0,32.0,20.0,8.05
1861,mendoza,ar,-32.202627114319924,-69.2635811598411,69.8,64.0,40.0,3.36
1868,lastoursville,ga,-0.9647999136372079,12.913529064014767,72.77,93.0,76.0,2.46
1872,upata,ve,7.3657911808285945,-61.38232869713872,81.5,47.0,24.0,10.18
1874,kodinsk,ru,58.94781375036234,98.31487808229218,17.69,43.0,8.0,9.06
1877,kiama,au,-35.63898808995004,153.8080399962172,73.4,69.0,44.0,8.05
1879,chapleau,ca,47.857832560562855,-83.21146879618796,15.8,72.0,20.0,4.7
1881,chumikan,ru,56.41919904556559,132.81561718126454,23.05,84.0,92.0,14.54
1883,zhanaozen,kz,42.09282626770192,53.15264260350804,32.77,75.0,0.0,13.42
1885,westport,ie,54.01788292538146,-10.564786303293175,39.65,99.0,92.0,21.81
1891,ouesso,cg,2.2394206301997315,16.58025771337921,72.32,99.0,76.0,3.13
1892,jieshi,cn,21.810293910952836,115.54385544227108,72.55,85.0,68.0,4.14
1900,zhangjiakou,cn,43.52968767578412,115.2883515257339,62.83,73.0,0.0,4.03
1906,dawei,mm,14.158941157417004,98.43128683369281,82.99,74.0,24.0,1.9
1909,mocajuba,br,-3.191719734149501,-49.01202187552349,75.47,91.0,92.0,4.59
1912,san jose,gt,6.991575012968681,-92.96802841372103,72.5,100.0,92.0,3.13
1913,zavolzhsk,ru,57.61610774498331,42.10170603256128,28.99,96.0,92.0,15.66
1922,arman,ru,58.50277622765438,148.27945552866453,33.8,80.0,40.0,15.66
1923,trenggalek,id,-8.489994201505183,111.5417824292179,81.5,89.0,12.0,3.13
1925,prainha,br,-2.1407820981748955,-53.59368818052583,77.9,87.0,12.0,4.59
1927,nanortalik,gl,53.76651067043636,-36.31722391235357,34.25,97.0,0.0,36.13
1930,sorong,id,-0.49967853680199426,130.1154814537029,83.57,100.0,20.0,6.6
1941,batemans bay,au,-38.009899472176784,150.84285886159944,79.3,57.0,0.0,0.78
1945,jalu,ly,26.31730864298521,21.122663051101057,60.13,44.0,8.0,12.53
1949,belle fourche,us,45.52231649663679,-104.07321380237671,34.63,69.0,1.0,8.05
1950,cap malheureux,mu,-12.34873043668955,60.81846989465748,80.6,83.0,75.0,11.41
1951,biak,id,1.8091246680696713,136.68333792261222,80.65,96.0,76.0,2.35
1955,kenora,ca,48.895302113349885,-95.26112222879614,21.31,57.0,75.0,8.05
1967,uaua,br,-10.114371682163195,-39.776442251411765,82.18,48.0,24.0,12.19
1968,strezhevoy,ru,61.19041673296937,78.30403884726451,8.6,84.0,20.0,11.18
1972,poya,nc,-25.974543663229838,161.25585316798941,80.29,94.0,68.0,12.19
1973,awjilah,ly,24.852406716004083,19.394777644531956,61.07,41.0,36.0,11.97
1974,colares,pt,39.1169587371443,-10.735889508045801,55.4,93.0,75.0,11.41
1976,dossor,kz,47.857518570200114,52.80231213192869,29.57,78.0,0.0,11.41
1983,boa vista,br,1.9067619344096869,-62.73240760306983,86.0,51.0,0.0,13.87
1985,bonavista,ca,51.04894482064654,-52.776461729647025,33.94,82.0,88.0,19.13
1987,harindanga,in,19.959231238046726,89.34096277644414,71.6,78.0,40.0,6.93
1988,oranjemund,na,-29.69117908658439,16.463176710853133,62.38,97.0,88.0,8.16
1996,tenenkou,ml,15.347454386430002,-5.119325796540153,82.49,32.0,80.0,7.27
1999,malm,no,63.95138543571133,10.82877740714332,21.52,84.0,64.0,3.13
2003,byron bay,au,-28.265461150783935,157.13091715074762,80.6,69.0,75.0,12.75
2011,sherbakul,ru,54.57573346600981,72.48974041686344,23.32,89.0,88.0,8.72
2014,belaya gora,ru,68.6530874321925,147.33134742998652,10.49,87.0,0.0,4.14
2015,shache,cn,36.71438995284353,78.06438493173789,58.6,41.0,32.0,4.59
2016,kandi,bj,10.931651155196604,2.8896526884565503,73.04,37.0,0.0,7.61
2021,high rock,bs,28.83452067111493,-77.87497625505925,72.95,100.0,76.0,13.98
2024,dong hoi,vn,16.788140752400864,106.7342019196135,73.94,98.0,68.0,8.72
2026,rundu,na,-16.06527921905483,19.531809888408418,69.17,76.0,80.0,9.51
2027,los llanos de aridane,es,27.24426198770084,-19.328613545803336,62.6,77.0,75.0,6.93
2028,honningsvag,no,74.13548261007003,26.513738257131365,18.64,100.0,8.0,6.71
2034,asosa,et,10.544289649118866,34.77908857204943,61.03,85.0,64.0,2.68
2035,fonte boa,br,-1.5742521014249604,-66.71883754462665,76.69,91.0,32.0,5.26
2036,jiangyou,cn,31.822730385514447,105.11575099899107,69.85,64.0,0.0,3.91
2037,luau,ao,-11.740065418650872,22.920223250325392,61.79,95.0,56.0,2.13
2038,pekan,my,3.7224882193659568,104.85040180892423,84.2,79.0,75.0,6.93
2039,jodhpur,in,26.983835705532186,73.04974916096057,80.83,30.0,0.0,4.47
2043,kokoda,pg,-8.027467041837554,147.5829348932154,78.85,58.0,36.0,0.45
2044,avera,pf,-20.961728129368282,-154.03805663695482,61.54,67.0,1.0,4.7
2046,ponta delgada,pt,30.6481314020497,-26.525918555144045,60.8,82.0,75.0,11.41
2047,oussouye,sn,10.607053743552086,-18.473838716425433,70.75,97.0,0.0,14.09
2060,soyo,ao,-7.267075417593929,11.063269686410905,77.27,98.0,92.0,2.35
2064,ekhabi,ru,53.39753400732258,147.0318578479388,24.17,100.0,88.0,12.53
2066,kirkwood,za,-33.48151167433538,24.935119343261164,68.0,100.0,90.0,5.82
2068,san rafael,ar,-35.87348624397413,-69.04382051651537,50.77,90.0,0.0,2.8
2076,xinzhi,cn,36.37406501341398,112.53196597589789,78.13,57.0,40.0,4.7
2081,riyadh,sa,24.02042081542001,45.120115861286706,68.0,32.0,75.0,3.36
2085,vysokogornyy,ru,50.50764051975827,139.2939895574214,45.41,49.0,64.0,6.38
2089,hibbing,us,47.756457958155636,-92.76492497201266,23.0,45.0,1.0,10.29
2090,ulladulla,au,-37.31802894060335,152.9996496080563,73.4,69.0,0.0,8.05
2094,aswan,eg,21.978690760021934,29.45033940483114,55.54,83.0,0.0,4.14
2117,morondava,mg,-19.83409032111622,41.0068269909257,76.19,99.0,36.0,4.47
2120,saldanha,za,-44.19366833433243,-2.5143032955179763,51.22,70.0,92.0,8.39
2121,oum hadjer,td,13.904502289560725,19.812680615625,65.17,43.0,0.0,3.58
2122,manadhoo,mv,6.283346898330379,75.37046251696756,81.86,100.0,76.0,1.9
2136,saint-augustin,ca,58.546682756805836,-57.65261023283965,50.79,62.0,0.0,9.17
2147,ducheng,cn,23.072600969641456,111.31127521254251,67.87,100.0,88.0,4.47
2148,maua,ke,0.061680709829289526,38.52231264683758,62.65,95.0,92.0,2.46
2150,belomorsk,ru,64.38109007150936,34.820407944170455,16.7,82.0,20.0,4.81
2154,saint-georges,gf,7.0355305397071675,-44.525508463343556,24.13,54.0,12.0,7.27
2160,san vicente,cl,-34.16053917850953,-71.15041750016361,76.1,88.0,0.0,6.93
2161,ancud,cl,-39.59991451183853,-86.83338876094335,48.07,86.0,0.0,3.91
2167,port hueneme,us,30.87046948412113,-120.70034634677705,57.58,82.0,90.0,3.36
2168,jawar,in,23.029685289833665,76.4506372207772,39.43,77.0,0.0,1.79
2175,guarapari,br,-21.59489791712278,-38.98099654222548,78.8,88.0,20.0,8.05
2176,gat,ly,26.694755484728233,8.900186379609494,65.66,74.0,0.0,12.08
2179,ilanskiy,ru,56.294028376874905,95.92426808196149,23.99,88.0,36.0,13.2
2193,sunrise manor,us,37.64181511576156,-115.31308051854704,81.21,9.0,1.0,11.41
2194,nakamura,jp,31.089462592863242,134.0331418121704,62.6,72.0,0.0,4.7
2203,actopan,mx,19.465270610729107,-96.62503038439371,52.3,71.0,0.0,2.68
2206,biltine,td,15.29408602698895,20.79835108104149,67.82,19.0,0.0,12.64
2207,hirado,jp,35.26973593243119,128.24041146927004,68.0,64.0,40.0,11.41
2208,balabac,ph,8.764841318584317,113.72902005252377,83.17,100.0,0.0,1.57
2215,laranjal paulista,br,-23.136945410306467,-47.92615114547536,72.32,86.0,68.0,5.7
2222,moussoro,td,14.508133177078449,17.638799698946826,70.84,19.0,0.0,9.84
2236,cabedelo,br,-4.364970881641071,-25.799914908842197,77.0,94.0,20.0,3.36
2241,keti bandar,pk,23.378971701509272,66.38670921144507,78.67,96.0,20.0,11.07
2245,heddesheim,de,49.521023754374625,8.619311155321697,38.39,93.0,0.0,1.12
2246,payo,ph,18.728566653581566,130.31912621063492,77.77,100.0,76.0,4.59
2255,garowe,so,7.837607424455413,48.3952611467289,72.5,92.0,92.0,4.59
2256,nakapiripirit,ug,1.9227391201958284,34.75575998922662,55.54,93.0,0.0,2.57
2259,porto walter,br,-8.2245654587024,-71.85520873382646,73.94,90.0,0.0,2.24
2264,chiredzi,zw,-21.564652435950407,31.76426525045477,65.98,95.0,76.0,3.36
2265,sambava,mg,-13.746996942336494,52.569710159345874,79.93,100.0,76.0,9.84
2271,kungurtug,ru,49.169935091364806,97.70854230377233,4.42,42.0,24.0,6.15
2272,archidona,ec,-0.3933061361633605,-77.67129176536703,60.44,99.0,88.0,1.57
2273,fredericksburg,us,30.668360932571446,-99.30855741046625,54.73,62.0,40.0,5.82
2274,carahue,cl,-38.580030276516325,-73.6343699426883,52.93,100.0,0.0,4.7
2277,alyangula,au,-13.6467523866838,137.1793645664194,90.82,83.0,8.0,8.16
2285,pascagoula,us,27.317492595181832,-87.87382121489973,62.33,93.0,1.0,4.92
2293,talcahuano,cl,-36.464688146487525,-73.79669788347341,53.6,93.0,0.0,2.24
2295,northam,au,-29.200639524636635,120.18019438810143,43.45,93.0,92.0,11.41
2300,bolu,tr,40.33114299507366,31.3988637720868,45.1,77.0,88.0,5.93
2303,ko samui,th,9.030738551231678,100.41281257748687,84.2,79.0,20.0,4.7
2310,quatre cocos,mu,-16.676724993410758,68.74125528464512,80.6,83.0,75.0,11.41
2311,bandarbeyla,so,7.678655196081962,56.945386870120615,80.65,100.0,92.0,3.91
2313,sacramento,br,-19.975408038685444,-47.187611150647996,70.29,56.0,1.0,9.17
2323,york,gb,53.95985308611202,-0.7381349454952613,38.25,93.0,92.0,9.17
2333,la baule-escoublac,fr,45.71206610045246,-3.335395553505208,51.8,71.0,0.0,12.75
2337,key biscayne,us,25.370037240708,-79.80397292540246,74.44,78.0,20.0,10.29
2341,beyneu,kz,42.573376483435766,56.23917532595959,23.27,86.0,0.0,6.15
2342,petrovsk-zabaykalskiy,ru,50.85426459621817,108.32030252432975,22.82,43.0,12.0,5.37
2351,nara,ml,16.22694863106581,-8.047163076728907,65.93,82.0,20.0,6.93
2353,rocha,uy,-40.44648453497548,-49.05789791741381,66.02,88.0,88.0,8.72
2354,gravdal,no,72.89977781633661,11.25890853984788,24.8,85.0,0.0,6.93
2357,luancheng,cn,37.9742085016929,113.79723980259774,73.4,49.0,0.0,6.71
2372,avenal,us,35.48445910368579,-119.94170379737061,75.78,33.0,1.0,10.29
2376,purpe,ru,64.28972941926165,76.86528391034182,11.08,85.0,68.0,7.38
2385,aksu,kz,51.18269085146011,78.0866850956885,21.2,85.0,40.0,6.71
2386,orthez,fr,43.516278384166725,-0.7981468388535973,54.14,71.0,92.0,5.82
2388,nerchinskiy zavod,ru,52.161763118686935,120.8682033999309,24.58,33.0,20.0,10.63
2391,sao filipe,cv,11.070336720537554,-28.492843581752766,70.25,97.0,0.0,15.99
2397,paamiut,gl,65.44932433825028,-47.10597818999403,33.67,83.0,0.0,7.83
2399,yzeure,fr,46.798681584951055,3.5856923222209787,33.8,86.0,0.0,2.24
2408,odessa,us,31.303890163032364,-102.16974994811595,59.0,47.0,1.0,18.34
2416,hammerfest,no,73.34578383093461,22.466387622574842,24.8,73.0,0.0,8.05
2417,rolandia,br,-23.350403332701205,-51.372660071722095,69.33,100.0,75.0,4.7
2422,tabuk,sa,27.844386519071634,35.39770658146071,70.03,89.0,92.0,1.68
2424,bakchar,ru,56.90109020788236,82.31855657688425,18.19,82.0,24.0,6.38
2430,tateyama,jp,34.07701715991563,139.71002763605355,69.8,52.0,75.0,4.7
2432,kotido,ug,3.026136068150464,34.522731721426396,61.52,90.0,0.0,5.59
2440,kagadi,ug,0.9300603214254721,30.795145334692336,74.84,100.0,36.0,3.91
2441,melipilla,cl,-33.97300011307951,-71.22563427591525,58.3,93.0,90.0,4.7
2445,bocas del toro,pa,10.21374163357298,-81.42898071029713,78.71,100.0,0.0,3.36
2446,kroya,id,-12.067452519094687,108.02555944916713,83.3,88.0,0.0,3.58
2454,aksu,cn,39.95731044311364,81.26870689658739,21.2,85.0,40.0,6.71
2465,san carlos de bariloche,ar,-41.302476366049284,-71.5873277536602,51.8,50.0,0.0,5.82
2466,hinton,ca,53.634586057728455,-117.11125066847904,16.12,49.0,36.0,4.03
2467,okha,ru,54.005659034499985,144.32718355761835,24.17,100.0,88.0,12.53
2468,carroll,us,41.397536941821556,-94.94301351348545,82.4,34.0,44.0,5.82
2469,starosubkhangulovo,ru,53.14670931915654,57.77347409524816,28.67,93.0,80.0,7.83
2476,usinsk,ru,70.06436715579602,57.548265976512084,15.35,92.0,68.0,4.7
2479,knysna,za,-34.057437797048706,22.807308876794423,60.8,93.0,40.0,3.36
2482,carire,br,-3.950148968710124,-40.257488191431236,73.0,99.0,76.0,0.89
2484,riosucio,co,5.4826767100254585,-75.73267769196883,69.8,88.0,75.0,2.24
2496,presidencia roque saenz pena,ar,-27.780632020537524,-61.865473233024616,68.27,92.0,8.0,4.59
2497,santa cruz de la palma,es,29.722519804205106,-17.12912731763555,62.6,77.0,75.0,6.93
2498,alofi,nu,-30.202646584343924,-168.3325828825764,84.2,74.0,32.0,5.82
2502,opuwo,na,-20.525588837106525,8.446616579935153,62.74,94.0,68.0,4.81
2510,celina,us,40.58734118450866,-84.64110837139053,30.16,71.0,88.0,4.7
2521,port lincoln,au,-40.224561945056415,131.28552310635217,65.75,86.0,56.0,9.51
2536,durban,za,-29.948882631761848,31.492868765205856,48.2,87.0,0.0,2.24
2537,kenai,us,64.4961935540654,-152.57548115348789,41.52,48.0,1.0,12.75
2545,itarema,br,6.535852460865598,-38.41779516500415,79.12,86.0,92.0,6.71
2550,songkhla,th,7.374813191919884,100.88458427491992,80.6,78.0,20.0,10.74
2556,gamba,ga,-7.44426213922597,2.752018708084279,14.5,99.0,12.0,2.68
2559,ixtapa,mx,5.309999686675155,-106.69405951803,75.2,78.0,5.0,8.05
2562,brasilia,br,-15.810070217404586,-48.26841747430447,82.4,69.0,40.0,12.75
2563,crystal beach,ca,45.23241343675039,-79.55294137101832,31.14,74.0,90.0,8.05
2567,kisesa,tz,-3.0846728917879886,34.40042032044096,69.58,87.0,68.0,4.14
2572,nsanje,mw,-17.116801612661646,35.071886323551325,67.33,93.0,0.0,2.68
2581,ipameri,br,-17.621206694274733,-48.10701185695075,73.45,75.0,56.0,3.8
2583,along,in,31.81265909097384,95.36899429668642,65.66,58.0,0.0,2.01
2590,dudinka,ru,70.00586075273628,85.86792508479391,-6.25,72.0,56.0,15.43
2591,acajutla,sv,10.73645042440782,-90.56133239593873,74.8,79.0,0.0,3.69
2592,xiuyan,cn,40.128638469456035,123.60697832192943,57.65,55.0,20.0,6.26
2600,kiruna,se,67.52088017151493,20.795949855934396,15.8,85.0,88.0,2.91
2601,caxito,ao,-7.664156216723981,13.597783236358765,75.47,78.0,56.0,1.68
2603,colombo,lk,6.822943632844726,79.01009120614361,83.8,91.0,56.0,3.13
2606,sayyan,ye,16.328726805713643,46.83603594797688,46.94,52.0,0.0,1.9
2608,lisakovsk,kz,50.60809598976826,62.89658527171099,31.15,93.0,80.0,13.76
2609,shahgarh,in,24.356765082363992,79.36879596013063,81.59,40.0,0.0,4.36
2624,mustasaari,fi,63.589159379066615,21.846318799264026,24.8,58.0,0.0,5.82
2628,pirgos,gr,34.796409257531764,25.101406058540277,57.2,58.0,20.0,11.41
2631,olinda,br,-10.042967104018942,-26.384427081239153,80.6,65.0,0.0,6.93
2635,bowen,au,-20.641735580831337,148.4054029125723,77.0,94.0,90.0,16.11
2641,bara,sd,14.04384051871638,29.047693343295748,75.43,34.0,24.0,5.7
2644,sobolevo,ru,55.44610271211184,157.1279895919048,41.95,93.0,92.0,21.7
2646,mahibadhoo,mv,3.8852110214765645,66.05822228936537,85.1,100.0,88.0,7.05
2652,manaure,co,14.973968499800463,-72.77111398055507,77.81,95.0,0.0,19.69
2655,stepnyak,kz,52.83844236470412,70.98847709271496,20.08,90.0,68.0,13.42
2658,novo aripuana,br,-6.219910962531486,-59.45378649081867,78.35,89.0,12.0,2.57
2659,limbang,my,4.529914601319774,115.2636046564229,84.2,74.0,75.0,3.36
2669,axim,gh,0.56891763688418,-3.9711234225912335,81.28,100.0,20.0,11.07
2670,ursulo galvan,mx,20.03488874296096,-95.63415328267357,73.31,87.0,0.0,8.39
2674,mecca,sa,21.235087411726184,39.99430535836444,80.6,65.0,0.0,3.13
2677,paso de carrasco,uy,-34.95071049472308,-55.86883353416958,69.8,88.0,75.0,11.41
2678,fukue,jp,31.4117321121021,126.62196258340168,64.4,68.0,0.0,3.36
2680,cortez,us,37.03754943007124,-108.75045970425967,57.2,16.0,1.0,6.93
2682,shima,cn,23.987979754255235,117.58343276794102,64.4,68.0,0.0,3.36
2684,inirida,co,3.6784657477484615,-65.6189344147701,74.84,91.0,80.0,1.68
2691,popondetta,pg,-7.722309991519879,148.47658361274188,77.23,87.0,64.0,1.9
2695,tazovskiy,ru,69.77932650880251,78.14187601169692,-9.99,70.0,56.0,15.99
2704,nevsehir,tr,38.84859261600056,34.75534229556072,43.9,61.0,0.0,6.93
2707,aitape,pg,-2.7276718272792664,142.56002932421177,79.75,100.0,76.0,4.14
2712,halifax,ca,42.8580643404197,-62.94307439585148,39.2,100.0,20.0,12.75
2714,jefferson city,us,38.58997736461302,-92.50527071566854,26.94,86.0,90.0,4.7
2719,paita,pe,-6.336828701643654,-84.44552867798161,70.25,79.0,32.0,3.8
2723,palmas,br,-10.37285246686794,-47.40611775981756,77.0,100.0,20.0,3.36
2734,tiarei,pf,-13.058114754899663,-144.93248046719316,87.8,58.0,40.0,2.24
2742,tupelo,us,34.00679956778981,-88.38966280755028,68.0,40.0,1.0,4.7
2750,parkersburg,us,39.012667832408454,-81.77739536722588,45.23,65.0,75.0,3.36
2757,sacama,co,6.1870643314557725,-72.0114250543537,54.95,94.0,44.0,1.57
2768,gull lake,ca,50.28511368293968,-108.64343817227318,12.2,61.0,90.0,8.39
2769,hailin,cn,44.71725834921182,128.99136131640023,62.6,62.0,0.0,12.75
2774,rio grande,br,-35.74231638973647,-48.49965579120547,70.75,97.0,88.0,10.51
2776,birjand,ir,31.546155533238235,58.95083809697104,57.2,35.0,88.0,11.41
2777,tessalit,ml,23.943007878765982,4.605885670111093,68.72,28.0,20.0,4.7
2784,zyryanka,ru,66.71008395240648,149.83478888373782,25.97,69.0,12.0,7.83
2786,misratah,ly,33.94993290799934,16.794186821105285,55.94,99.0,92.0,3.69
2797,geraldton,ca,49.608595947703236,-87.6689041151682,15.8,92.0,75.0,5.82
2802,paso de los toros,uy,-32.325363485564985,-56.99671027275426,65.66,78.0,24.0,10.63
2805,abu samrah,qa,22.929122216656907,49.5930901768146,48.88,70.0,0.0,4.25
2808,vangaindrano,mg,-24.464711396631216,50.092997486620334,70.07,100.0,80.0,2.35
2809,fatehpur,in,25.907091964738086,80.88759448213227,76.6,61.0,0.0,7.38
2818,general roca,ar,-38.288942967419345,-67.66855841171869,59.0,82.0,0.0,2.8
2823,san policarpo,ph,14.003413292258188,130.64049416713868,81.59,97.0,32.0,8.5
2824,lakes entrance,au,-39.30716506091969,148.2730623266703,68.14,81.0,12.0,10.18
2833,mindelo,cv,16.291400087635168,-25.66731144183362,56.23,71.0,75.0,16.11
2845,goundam,ml,15.822153928567147,-4.658186318111007,77.23,45.0,44.0,2.46
2847,novyy buyan,ru,53.91189072217031,49.921603504294325,32.0,91.0,40.0,8.95
2854,robertsport,lr,5.185061214582362,-12.510292105878278,79.84,100.0,44.0,10.74
2858,otradnoye,ru,44.96263133493531,146.34295466897584,32.0,90.0,90.0,17.9
2867,greenville,us,33.15647583085854,-96.16045829495485,63.88,42.0,1.0,4.7
2868,shahr-e babak,ir,30.708748746419815,55.25398144435101,41.81,22.0,0.0,6.15
2881,meadow lake,ca,53.626148255059974,-108.77998842129182,15.62,75.0,76.0,4.59
2888,sumbawanga,tz,-8.058475083564161,31.437945177402696,65.35,100.0,92.0,4.92
2890,kushiro,jp,40.69198212931357,144.01069393890748,39.2,80.0,75.0,10.29
2899,ust-nera,ru,64.47047953439761,142.4721265343482,17.51,74.0,0.0,2.57
2900,verkhniy naur,ru,43.573702969586094,45.26952351556258,34.39,91.0,80.0,3.36
2905,marshall,us,39.5235341964935,-93.42630294360158,30.94,100.0,90.0,9.17
2906,kuusamo,fi,64.90784014217596,29.11723876353932,8.6,84.0,0.0,2.24
2915,paraiso,mx,18.667704310850553,-93.38930725969975,71.6,12.0,40.0,17.22
2925,watsa,cd,3.4657406082269375,28.628993445564163,63.82,96.0,12.0,2.57
2926,red bluff,us,39.837394011127884,-122.6014131855944,75.81,38.0,1.0,7.94
2927,kautokeino,no,68.88693594306034,24.043266805548882,18.73,88.0,80.0,3.91
2932,atar,mr,20.29468956384879,-14.208591734442876,60.49,34.0,0.0,2.68
2935,siocon,ph,7.689072264022556,121.54212209316375,82.22,97.0,32.0,5.14
2936,opalenica,pl,52.287464809147934,16.535972673052726,33.8,80.0,90.0,23.04
2937,ucluelet,ca,46.07752727580478,-128.94610094683583,42.8,70.0,20.0,23.04
2942,windhoek,na,-22.624206438232306,17.783934480468332,59.65,82.0,64.0,6.93
2948,kerema,pg,-8.340008413142883,144.79627615480706,87.04,71.0,36.0,3.69
2950,heinola,fi,61.59097461729806,25.83777564587797,30.2,80.0,75.0,12.75
2953,san juan,ar,-31.418781015639375,-66.8894047068944,75.2,83.0,75.0,5.82
2956,allapalli,in,19.71613710494009,80.30074399168217,77.32,78.0,0.0,7.27
2957,peleduy,ru,59.16500667587158,113.64107632618982,21.34,60.0,68.0,7.38
2962,yarmouth,ca,41.126758045096835,-67.14627185165016,42.8,100.0,92.0,12.75
2966,villa union,mx,27.986497060557426,-100.27169557303867,74.98,94.0,0.0,2.01
2967,gorontalo,id,1.6655957575335236,121.96477096036733,80.38,86.0,48.0,2.13
2969,kavaratti,in,13.562614974573705,66.85061851762555,83.8,100.0,36.0,1.68
2979,ramygala,lt,55.30252937417765,24.378415355783375,37.4,93.0,90.0,2.24
2982,sarangani,ph,3.711783937384965,126.50576582814654,83.66,96.0,8.0,8.72
2988,estelle,us,26.232122579536295,-88.65590098033016,47.84,87.0,90.0,16.11
2991,cagliliog,ph,14.137701388698545,123.43479701902828,78.89,90.0,92.0,6.71
2993,oleksandrivka,ua,49.01007588830214,32.240207304301975,49.15,75.0,92.0,14.2
3002,uva,ru,56.90095287520606,52.107430592432536,21.79,86.0,64.0,3.36
3003,reykjavik,is,64.31829412280624,-21.777104795727354,37.4,59.0,90.0,10.29
3005,satipo,pe,-11.36434409092432,-74.80648360329715,64.63,97.0,20.0,1.45
3012,salto,uy,-31.275913764482873,-57.20724827368525,68.72,83.0,8.0,6.38
3017,adelaide,au,-35.182165225681224,137.71863998620012,68.0,49.0,20.0,17.22
3018,ipixuna,br,-7.374718493004124,-71.36562901276602,77.0,94.0,40.0,2.24
3020,najran,sa,17.407023423938497,48.651273267461164,68.0,28.0,24.0,8.61
3021,constitucion,cl,-34.6730889274442,-73.61750794097475,71.6,12.0,40.0,17.22
3029,shaunavon,ca,48.40155561319446,-107.90077430733592,15.13,73.0,48.0,3.13
3033,parana,br,-12.551800801301539,-48.31270999544648,77.0,94.0,75.0,3.02
3042,marsa matruh,eg,33.306778551938905,26.937796420212152,60.8,48.0,0.0,16.11
3043,barao de melgaco,br,-16.524429116132808,-55.57909786211353,73.4,94.0,75.0,2.24
3055,aktau,kz,43.77105497577952,51.51211381113566,33.8,80.0,0.0,11.18
3056,ozernovskiy,ru,51.10619667352955,156.61141754071747,27.55,88.0,76.0,6.6
3058,atambua,id,-7.851366189925031,126.9835805452629,84.97,94.0,0.0,2.13
3061,manta,ec,0.7627790820237124,-84.17114205154603,39.7,71.0,0.0,11.52
3068,yuanping,cn,39.43005459855536,111.92958820328988,68.27,43.0,0.0,3.13
3070,agropoli,it,40.00747136507073,15.222035303040087,50.23,100.0,0.0,6.26
3075,gumdag,tm,38.26727480381052,53.833701744724124,41.36,85.0,0.0,9.62
3077,shelburne,ca,38.17051560804251,-64.81095457699956,27.32,73.0,1.0,4.92
3082,buala,sb,-5.013224283715374,160.0819984559917,83.08,90.0,56.0,7.05
3087,moree,au,-28.733474333849706,147.4945706758461,85.6,48.0,0.0,4.47
3090,fare,pf,-13.038589312196024,-148.8855846946606,81.41,100.0,80.0,13.98
3095,sihora,in,23.570835158334262,80.34286769810132,75.25,64.0,0.0,7.72
3103,brainerd,us,46.136263556341476,-94.01599600414612,16.41,61.0,1.0,4.7
3106,itambacuri,br,-18.206018395829602,-41.409235588703126,70.61,88.0,68.0,8.05
3107,laurel,us,46.0735325061174,-108.85789080709213,33.8,64.0,90.0,13.87
3108,minab,ir,26.558745083803387,58.872459282939985,73.4,78.0,75.0,4.7
3116,noyabrsk,ru,62.689537026129415,74.50660017075705,16.16,88.0,56.0,9.73
3117,codajas,br,-2.923477303108342,-62.49638915389674,74.66,94.0,24.0,6.38
3128,ostersund,se,64.46026597203587,15.4024164117358,17.6,92.0,0.0,2.24
3130,lakatoro,vu,-16.3911095231999,167.3029159739312,77.68,100.0,92.0,3.58
3132,shushtar,ir,32.161741324473084,48.69900399771632,62.6,39.0,0.0,4.7
3137,ruthin,gb,53.24132083445713,-3.304344104518833,37.4,93.0,90.0,16.11
3139,cervo,es,47.0995581266572,-7.892068948157686,62.29,98.0,68.0,2.91
3147,banjar,id,-13.776186573317318,106.20344650057666,83.53,78.0,20.0,3.69
3149,sindor,ru,62.613689739229784,52.479026674526466,7.97,67.0,0.0,2.68
3154,wewak,pg,-1.5799431106941881,144.8636638458599,79.75,94.0,56.0,3.69
3155,arzgir,ru,45.45546856863609,43.87551265499184,37.99,92.0,24.0,14.32
3156,ijui,br,-28.639055567628105,-53.997560993749644,63.95,98.0,76.0,7.38
3189,sao miguel do araguaia,br,-12.317378746056733,-53.276754660197795,77.27,80.0,24.0,2.68
3190,qiqihar,cn,47.81292611421506,124.11557189695282,46.04,44.0,56.0,18.12
3196,gambo,cf,5.573170251725713,22.275454421300424,69.35,49.0,0.0,5.48
3197,clinton,us,41.99468956728191,-90.45943185118878,25.41,79.0,1.0,8.05
3202,sung noen,th,14.8131972767263,101.8846771881532,80.6,74.0,20.0,6.93
3203,coquimbo,cl,-27.46409778992171,-80.02803877309283,57.2,82.0,90.0,2.24
3210,lensk,ru,60.75905424578255,115.8670316961223,22.46,61.0,12.0,9.62
3211,moerai,pf,-20.99931106640473,-151.3315931302874,81.55,100.0,48.0,3.91
3221,pak phanang,th,8.312823386687086,101.25108976012632,78.8,88.0,20.0,1.12
3234,oyabe,jp,36.685401527297614,136.81022262246944,66.67,52.0,75.0,4.7
3239,weligama,lk,4.405465165520198,80.19934118209346,82.99,92.0,64.0,5.37
3240,bodden town,ky,19.814287090057178,-79.97172364814134,78.8,83.0,20.0,9.17
3243,keetmanshoop,na,-26.18816530972653,17.92653626031057,69.8,68.0,0.0,2.91
3248,rayachoti,in,14.101033224332554,78.91361310794889,75.2,73.0,0.0,4.36
3252,charlestown,us,39.32255051929931,-71.20626449528397,41.99,33.0,1.0,5.82
3253,campbell river,ca,51.389714189758934,-125.15594559061455,44.04,48.0,40.0,12.75
3261,matamoros,mx,24.570598102021236,-94.29476987307405,75.67,88.0,75.0,17.22
3270,nyurba,ru,65.94047468054126,118.69406130503955,23.32,64.0,32.0,5.7
3278,birin,dz,35.08058030557429,3.052429679065341,41.72,76.0,0.0,4.14
3282,sawakin,sd,19.613516051154804,38.79118081384243,69.22,100.0,0.0,5.14
3284,henties bay,na,-21.293046193826058,4.833839436677522,62.6,100.0,36.0,4.14
3291,brejo da madre de deus,br,-8.142384411394346,-36.230918688585916,69.49,96.0,92.0,4.59
3295,san clemente,pe,-13.679364414031355,-76.11986493809518,59.85,82.0,90.0,3.36
3298,sassandra,ci,2.61174087857583,-5.1993872539547965,80.6,97.0,44.0,10.63
3299,saurimo,ao,-10.28627962572466,19.33958083726307,65.21,94.0,68.0,3.36
3310,roebourne,au,-22.909830169254604,118.43517476882391,97.52,32.0,24.0,4.7
3312,tukan,ru,53.829442978737944,57.86837580287076,28.04,86.0,80.0,3.91
3317,taltal,cl,-24.591286736582532,-74.2629171592488,54.28,96.0,0.0,1.68
3319,aleksandrov gay,ru,49.54780753174754,48.75803337868834,21.74,70.0,32.0,5.48
3324,algiers,dz,37.071255714224705,3.1770196527170356,66.18,93.0,1.0,5.82
3327,ust-karsk,ru,52.17825552238398,118.92300428103005,24.4,34.0,32.0,9.73
3332,troitsko-pechorsk,ru,62.239800586358825,55.9676905472397,15.13,81.0,0.0,3.02
3338,wanning,cn,16.448219439731403,114.65491825068466,41.0,80.0,75.0,14.99
3342,joao camara,br,-5.307304969182766,-35.73587382011024,77.09,88.0,76.0,7.38
3343,pichayevo,ru,52.89934170354516,42.34675726553181,34.03,92.0,48.0,13.76
3345,sijunjung,id,-0.7932053827237269,101.77002666068137,82.0,66.0,0.0,2.57
3347,hegang,cn,47.676163383354464,129.855151701262,62.6,55.0,80.0,8.05
3350,cockburn town,tc,27.169693022168588,-68.49248233165956,75.2,100.0,92.0,16.11
3353,baghdad,iq,32.258125196641856,44.54050261884768,57.2,47.0,0.0,5.82
3357,phan thiet,vn,8.35821283751315,110.41613685159075,82.76,78.0,0.0,11.41
3359,hualmay,pe,-14.51051135830366,-82.67699457578507,65.17,90.0,0.0,4.03
3366,seddon,nz,-43.091525503329414,174.34674444858848,67.87,66.0,0.0,10.4
3367,the valley,ai,24.80393269894188,-59.57223171954054,77.0,69.0,20.0,5.82
3379,timra,se,63.375101832442226,16.35061917282053,17.6,72.0,68.0,6.93
3387,athabasca,ca,56.42001715276959,-112.01134330454207,10.67,62.0,0.0,6.38
3388,san juan,us,23.073581963389714,-65.95500062555783,75.2,83.0,75.0,5.82
3403,camacha,pt,39.397236712341765,-16.643090952431663,60.8,82.0,20.0,11.41
3408,la venta del astillero,mx,20.69561419291125,-103.53017510578965,78.8,22.0,75.0,8.05
3409,roald,no,73.30924489672213,1.973867922070582,29.91,100.0,90.0,2.24
3416,praia da vitoria,pt,47.24220372526892,-22.495611847603897,60.8,93.0,40.0,26.4
3419,noumea,nc,-29.604472726806996,163.1266068835901,84.2,70.0,0.0,17.22
3424,san quintin,mx,28.924042876388683,-116.94108988152706,80.6,61.0,20.0,2.24
3428,harur,in,11.976055061659807,78.52612945895311,78.04,78.0,0.0,3.02
3433,gisborne,nz,-39.203381145208766,178.5049756769335,72.82,51.0,0.0,9.73
3435,balkhash,kz,46.96935620420993,75.18227757606246,25.39,100.0,0.0,7.49
3436,deception bay,au,-27.299751296428255,152.99611398102866,81.57,65.0,40.0,11.41
3440,ortakoy,tr,39.03388659516071,34.225028849132286,50.0,61.0,0.0,6.93
3441,kargasok,ru,59.07254219553769,81.13367559274366,15.26,71.0,48.0,5.7
3442,chicama,pe,-9.666514835740898,-82.21785823139624,68.0,88.0,90.0,8.05
3449,bagrami,af,34.4411699168721,69.40475031857522,55.4,62.0,88.0,2.57
3450,bwanga,tz,-3.0885962509923672,31.692142099017104,60.22,91.0,12.0,2.8
3453,tommot,ru,60.05175811816588,126.67213209808165,12.52,62.0,80.0,11.41
3461,mubi,ng,10.175055290080948,13.00535560404731,68.5,38.0,0.0,5.26
3475,japura,br,-1.7156811107674486,-69.0949915402671,76.37,93.0,92.0,2.13
3477,palamos,es,41.26842771600252,3.4703180279617527,42.8,87.0,20.0,11.18
3483,angoche,mz,-17.734082544442288,40.95855935266465,80.87,100.0,8.0,6.38
3489,chelmza,pl,53.145281335115726,18.566473349767875,33.8,86.0,90.0,21.92
3499,nova olinda do norte,br,-3.929782333869653,-58.62179572492465,76.55,96.0,20.0,2.57
3504,loralai,pk,31.025119343549918,68.44909488465473,57.74,55.0,48.0,3.69
3506,gorele,tr,41.57110798591478,38.750641666693724,77.0,17.0,0.0,20.8
3510,juneau,us,59.9703776174143,-130.9416334664956,40.21,41.0,90.0,2.91
3516,neiafu,to,-19.52055757566241,-172.3605925737685,84.2,74.0,75.0,12.75
3520,sabinas hidalgo,mx,26.79967172712921,-100.21682559671554,82.22,31.0,8.0,11.63
3528,zhangye,cn,40.7431229114747,100.73571313104162,49.82,83.0,8.0,3.69
3531,langfang,cn,39.56088887453464,116.75058097360323,60.8,77.0,0.0,2.24
3533,galle,lk,6.083354996638889,80.34048811709579,73.47,78.0,1.0,10.29
3534,ilinskiy,ru,60.80115492630932,32.33068235974153,35.6,93.0,90.0,15.66
3539,coruripe,br,-14.836228922362338,-30.937294811471787,80.92,95.0,92.0,10.18
3545,shitkino,ru,57.43501717855483,98.87181594875597,22.91,57.0,76.0,8.39
3552,sarakhs,ir,36.45997230054752,60.686058170631384,48.2,70.0,90.0,4.7
3576,ishigaki,jp,25.273061840872145,124.14770294579495,77.0,61.0,20.0,8.05
3587,chute-aux-outardes,ca,52.14269291206122,-70.40211890523989,25.81,53.0,1.0,10.29
3595,hell,no,63.30009716116035,10.990777373575042,28.49,100.0,48.0,5.37
3599,requena,pe,-5.029208095914356,-74.69238170199372,50.0,71.0,0.0,4.7
3603,san lazaro,py,-22.106680324725474,-57.81377198729801,78.8,74.0,20.0,5.82
3615,arbazh,ru,57.82204756880617,48.45241480554486,25.61,90.0,80.0,7.72
3627,ginda,er,15.329106538933786,40.03856888855785,55.54,57.0,0.0,1.68
3628,salinas,ec,-1.7295036556345877,-81.96716793182058,60.35,59.0,1.0,13.87
3631,manavalakurichi,in,6.183603774632033,76.17572711167657,82.4,78.0,20.0,4.7
3646,anito,ph,15.447337442532657,128.48923955703106,81.82,100.0,12.0,9.73
3655,aleksandrovskoye,ru,57.187284662990976,85.21275429572341,20.62,78.0,48.0,5.37
3656,slavutych,ua,51.30296666860036,30.45073471015101,38.57,92.0,12.0,15.99
3671,smithers,ca,55.031606927376686,-127.65442300939435,33.8,40.0,20.0,8.05
3677,huanuco,pe,-9.796427873877022,-75.76216960860732,46.94,99.0,92.0,1.34
3680,ixtlan del rio,mx,20.95158341043667,-104.42837911348289,71.6,78.0,5.0,6.93
3683,coihueco,cl,-37.22251312015397,-71.17020858841909,59.0,82.0,0.0,3.36
3695,yarada,in,17.009744338870064,84.21272251181756,78.4,100.0,0.0,5.37
3709,puerto el triunfo,sv,12.72882989447983,-88.78970601021803,78.8,83.0,40.0,2.24
3713,kandrian,pg,-5.421278318725143,149.1597433128474,86.36,72.0,8.0,8.39
3714,povenets,ru,63.52797679003692,35.37023318656483,20.08,78.0,88.0,8.39
3715,maumere,id,-7.810856915609932,122.87784792430983,84.74,96.0,12.0,5.37
3717,payakumbuh,id,0.11027685460648229,99.65886181002776,82.0,76.0,8.0,3.13
3723,casino,au,-29.19550307606564,152.5602898434554,70.61,100.0,92.0,2.8
3727,gushikawa,jp,24.877032105780472,130.59895517767302,73.99,53.0,40.0,10.29
3740,le port,re,-19.506158868683542,52.4043411967082,28.0,90.0,68.0,1.68
3744,prince rupert,ca,51.08656487562769,-132.071009221954,42.8,41.0,1.0,5.82
3749,ilheus,br,-14.899516083371125,-36.14888312110557,80.6,78.0,40.0,9.17
3752,cabinda,ao,-5.766461618734041,11.188976345968115,78.49,100.0,80.0,5.03
3753,westport,nz,-37.1472218543511,166.87727508792113,39.65,99.0,92.0,21.81
3757,belyy yar,ru,61.59538984856209,86.33893308207354,21.2,62.0,0.0,15.66
3773,tripoli,ly,34.27224611791749,12.798230520338393,50.0,76.0,20.0,3.24
3774,tucuman,ar,-26.814717568933318,-65.43236783927888,48.79,85.0,0.0,1.68
3775,matelandia,br,-25.123105407263836,-53.79985296806606,68.58,100.0,0.0,0.78
3777,ust-kut,ru,55.93771359417113,105.53498001833128,20.8,49.0,68.0,9.73
3778,puebloviejo,ec,-3.3816860421185595,-79.16876763061869,78.62,69.0,40.0,9.17
3790,puerto varas,cl,-41.1164326207009,-73.06438708039079,50.0,87.0,0.0,5.82
3791,aquin,ht,17.771005653877268,-73.23107389431084,75.02,100.0,80.0,3.47
3793,owando,cg,-0.5475767961512901,16.822843624033794,72.77,96.0,32.0,2.8
3797,kon tum,vn,14.270689239212288,108.46189262346752,77.5,48.0,0.0,2.8
3800,barinas,ve,7.697109336074874,-69.4029117690634,82.4,69.0,20.0,2.8
3802,hauterive,ca,50.18289238732498,-68.64759203552336,38.12,77.0,0.0,3.36
3804,coronado,us,32.36664104031152,-118.44985437064959,77.0,78.0,20.0,4.7
3808,mosetse,bw,-20.826893606875117,26.710639543807247,64.31,53.0,0.0,12.64
3815,bathurst,ca,47.480863501133314,-65.77340888590321,74.84,60.0,8.0,3.69
3818,bahia blanca,ar,-38.035392900356165,-62.82084764077784,61.57,84.0,0.0,12.41
3835,santa isabel do rio negro,br,0.862701502064894,-63.657696997641125,77.72,92.0,48.0,4.14
3866,fort-shevchenko,kz,44.338613417101925,49.323100387753044,40.46,98.0,0.0,21.7
3869,priargunsk,ru,49.98195501400531,119.50055911124537,29.17,36.0,0.0,15.66
3875,clonakilty,ie,49.49091761077855,-8.664133618724577,37.4,100.0,75.0,19.46
3886,harboore,dk,56.376986448820986,7.9215525846725825,28.4,92.0,0.0,6.93
3887,amapa,br,1.7365607196510382,-49.76677207457388,75.2,78.0,20.0,4.7
3898,gazojak,tm,42.04586525851008,62.67874811935664,39.25,78.0,12.0,11.18
3905,puerto rico,co,2.0971525452022632,-74.65548173214441,67.82,97.0,68.0,2.35
3906,pathein,mm,17.299373125640344,94.4557323503467,86.36,63.0,0.0,7.61
3907,tanete,id,-6.65187913200694,120.51271541617433,87.04,74.0,48.0,8.61
3921,flin flon,ca,59.72692466771559,-102.94142209950463,-1.93,46.0,0.0,6.26
3926,puerto baquerizo moreno,ec,4.322879641639503,-88.53391442191764,77.59,100.0,20.0,6.38
3929,letlhakane,bw,-21.427184906889522,25.901757965907706,58.33,66.0,0.0,11.86
3938,san juan del sur,ni,10.85848540542763,-86.47703520794191,80.29,73.0,0.0,17.67
3945,hobyo,so,0.7958194949070503,50.05526003149143,80.24,86.0,88.0,3.58
3948,nyahururu,ke,0.12276794788853351,36.17595827463461,46.31,90.0,8.0,2.91
3952,richards bay,za,-28.214118028350498,34.331183543962084,68.09,100.0,80.0,2.8
3958,mbala,zm,-8.771104053377002,31.48901107131084,59.68,95.0,44.0,6.15
3962,romny,ru,50.47151448185508,129.5240328974778,37.49,90.0,56.0,13.42
3970,little current,ca,45.624291917845085,-81.44138078446927,19.4,73.0,1.0,10.29
3987,ust-tsilma,ru,66.15260098277992,50.42595381629263,13.15,77.0,0.0,3.47
3988,trinidad,us,37.672662345172796,-104.16364460915939,66.43,78.0,80.0,9.62
3991,auki,sb,-8.596993656378231,161.31512371926755,65.89,52.0,0.0,2.68
3993,nyagan,ru,62.790495912528684,65.22193414050133,17.2,85.0,20.0,6.6
3995,agadez,ne,16.79358952976952,7.930193877018098,59.0,29.0,0.0,2.8
4004,qaqortoq,gl,63.26444739402854,-45.435523619213,34.61,77.0,0.0,23.82
4015,lingao,cn,19.095148949383884,108.42718903108897,81.19,66.0,12.0,3.58
4017,shingu,jp,27.582901377211385,136.71581821218194,69.8,64.0,20.0,6.93
4019,lexington,us,40.50633298162634,-100.26183426585791,42.8,87.0,90.0,9.17
4026,lewistown,us,46.81976223269703,-109.37877818850484,23.59,92.0,40.0,6.93
4031,venado,mx,23.009815118519086,-100.78624233230255,63.41,38.0,0.0,9.62
4040,fethiye,tr,36.0236693985166,29.519047909061413,60.8,72.0,75.0,6.93
4048,santa maria,cv,20.47976095957918,-22.83030169656905,69.8,94.0,75.0,2.24
4059,tres arroyos,ar,-39.10218436212939,-60.09130902446732,51.35,93.0,0.0,5.26
4073,havelock,us,32.84949486505087,-73.3416170842249,60.37,87.0,1.0,4.7
4074,masuguru,tz,-12.066493597190984,38.254898683902866,70.57,96.0,36.0,3.13
4078,izumo,jp,37.121075728655924,131.67247341728103,70.56,49.0,75.0,16.11
4084,galesong,id,-6.6755371007913595,119.10544674755056,86.0,70.0,40.0,2.24
4087,montijo,pa,7.715290919102827,-80.98601586152536,55.4,100.0,20.0,5.82
4091,baniyas,sy,35.04516967688977,35.913489543854325,50.0,76.0,0.0,3.36
4102,wetaskiwin,ca,52.755487970492595,-113.30185513521157,12.2,56.0,40.0,5.82
4119,jacksonville beach,us,30.27611144772753,-80.57823586728497,63.68,88.0,1.0,4.7
4130,sechura,pe,-8.077945230787236,-84.78880877155612,72.05,79.0,0.0,9.51
4134,upington,za,-27.764583989677092,21.75283428729523,69.8,68.0,75.0,17.22
4136,dhidhdhoo,mv,8.659481596401733,72.70812222581765,81.95,100.0,56.0,1.9
4138,port hedland,au,-18.812262036161044,117.71030355637276,96.8,41.0,32.0,5.82
4140,lufilufi,ws,-9.585334214961549,-169.51294532781662,83.84,100.0,44.0,10.96
4144,ravar,ir,32.36628265362046,57.36318271926882,52.84,58.0,0.0,2.35
4152,lehi,us,40.26593676842134,-111.98259675202392,59.02,25.0,1.0,5.82
4156,loa janan,id,-0.12790009527286372,115.82422629950622,82.04,83.0,88.0,3.24
4157,tocopilla,cl,-21.29133750713264,-73.64532227018076,59.36,100.0,8.0,1.34
4161,solnechnyy,ru,61.610631015433285,137.2595969677327,41.77,100.0,92.0,9.62
4171,tapes,br,-31.363509950553734,-50.67878390721282,68.45,98.0,92.0,9.17
4173,tymovskoye,ru,50.85611628652879,143.33937839416683,47.3,52.0,8.0,6.93
4181,labuhan,id,-9.220859728721962,101.6672402894057,85.82,75.0,44.0,2.91
4192,ayagoz,kz,48.27467858500725,78.72810349104583,20.98,83.0,0.0,8.72
4197,boende,cd,-0.4590421085938061,20.482177080110546,71.65,94.0,36.0,1.12
4199,deqing,cn,30.707864234057467,119.84407241681544,75.2,69.0,80.0,4.47
4200,juegang,cn,33.422397862322384,122.6824247283119,69.49,78.0,8.0,7.61
4212,sungaipenuh,id,-1.8844884742590722,101.59409426468113,74.98,77.0,0.0,1.79
4214,nouakchott,mr,17.480390134649454,-15.536107026408331,66.47,96.0,0.0,17.34
4217,mporokoso,zm,-9.391674510231383,29.821727882866526,62.47,97.0,88.0,8.61
4225,bireun,id,4.808787196376585,96.44819942935379,81.41,100.0,48.0,4.25
4235,pitogo,ph,12.485828571131307,121.16467921260659,80.65,96.0,44.0,7.49
4237,baturyn,ua,51.332116557940566,32.915319312353006,39.79,91.0,92.0,17.22
4241,derzhavinsk,kz,49.44735799010479,66.34272402558773,24.44,83.0,88.0,9.73
4245,alexandria,eg,33.45683781095491,29.263976463113465,66.18,82.0,1.0,6.93
4246,isiro,cd,3.5720322778398668,28.039193879221244,70.07,86.0,32.0,2.13
4258,iranshahr,ir,28.25659960111102,59.637461829131894,69.8,28.0,0.0,6.93
4269,kishapu,tz,-3.70526641599659,33.897024883958096,61.03,93.0,20.0,2.68
4280,durant,us,34.36575728824657,-96.36922051855346,37.42,93.0,90.0,10.29
4283,sosnovka,ru,56.47655745767318,47.33400401327202,34.48,93.0,64.0,13.2
4286,bhainsdehi,in,21.575482885816385,77.38737476438627,78.4,45.0,0.0,4.36
4288,tadine,nc,-21.001645501630165,168.96557775534671,79.61,96.0,88.0,18.34
4292,wanaka,nz,-41.582811207554556,167.07650683124825,62.2,53.0,76.0,8.95
4294,caribou,us,46.99746378183204,-68.16160776371177,29.55,42.0,90.0,13.87
4304,ajdabiya,ly,30.627277719053737,18.494706001023303,55.76,82.0,24.0,12.3
4313,panalingaan,ph,11.607390693571432,114.15567748229819,85.69,69.0,8.0,1.57
4314,gainesville,us,29.34175078836789,-83.18025166643706,68.23,77.0,1.0,4.7
4320,zenzeli,ru,45.83146289429894,46.99325987577632,40.1,86.0,0.0,17.56
4325,magnolia,us,33.455483766052566,-93.3426837810789,66.18,68.0,40.0,4.59
4326,gimli,ca,50.4548245523724,-97.23632521005949,13.37,92.0,48.0,14.65
4327,jardim,br,4.683120863674958,-33.29254544324414,69.8,98.0,92.0,3.91
4331,kanker,in,20.14719506028824,81.63336700909315,74.98,66.0,0.0,4.14
4332,srandakan,id,-13.490380971239361,108.31779690216649,86.05,72.0,8.0,3.47
4335,kango,ga,0.5092575583327346,10.215192850720115,74.39,97.0,100.0,2.68
4339,lamar,us,37.60726940083083,-103.30685878769064,35.6,51.0,1.0,11.41
4340,pescara,it,42.72209151732778,14.353342368799133,48.2,66.0,0.0,5.82
4341,pauini,br,-6.669060136807673,-67.41430660003064,76.69,89.0,44.0,4.36
4356,black river,jm,17.000719707332834,-78.5979112488933,77.0,73.0,20.0,4.7
4362,portage,us,41.51816901406943,-87.13184986242042,29.52,59.0,1.0,4.7
4363,beaufort,us,32.26921158193167,-80.44013610895283,85.28,79.0,75.0,4.7
4367,sharjah,ae,25.28703633188603,56.865966330009456,71.02,78.0,0.0,6.93
4373,rio gallegos,ar,-51.907170302479344,-65.05216969209397,50.0,87.0,75.0,10.29
4378,petrykiv,ua,49.62994998875362,25.58460371176912,34.25,91.0,64.0,23.71
4379,mao,td,16.336619515404536,16.665424753321048,73.38,78.0,75.0,6.93
4385,doboz,hu,46.79980926098597,21.270540623448795,41.0,80.0,8.0,10.29
4388,milkovo,ru,54.02479300531479,159.79194426625918,51.04,68.0,0.0,13.87
4398,bumba,cd,1.148612943894264,22.47132314429996,71.2,92.0,48.0,4.59
4402,nishihara,jp,19.640974268043735,133.01919882889234,67.01,40.0,1.0,3.36
4403,two rivers,us,44.06171657200821,-87.3293040613734,25.99,58.0,1.0,11.74
4406,nelson bay,au,-35.41993148546469,156.5527748822467,84.2,45.0,80.0,12.75
4408,kanye,bw,-25.06872700399404,24.712420005420796,60.04,93.0,44.0,6.71
4411,quelimane,mz,-18.318054628731645,35.917715833526614,70.79,93.0,0.0,2.68
4412,raxaul,in,26.936305368594333,84.85089323734013,82.4,40.0,0.0,4.59
4419,balikpapan,id,-1.2480857535275192,115.71889431376161,83.98,100.0,68.0,5.14
4430,rafraf,tn,37.349137258924685,10.356583290100076,44.64,93.0,20.0,3.36
4434,qinhuangdao,cn,39.449191110738155,119.84845333672826,74.44,45.0,0.0,7.38
4437,yeniseysk,ru,58.104109801457156,91.03657492902477,17.15,75.0,8.0,3.47
4443,matanzas,cu,23.25309618061685,-81.69843039044596,71.6,83.0,20.0,6.93
4456,agua dulce,mx,19.00313817852293,-93.97671313817918,77.0,73.0,5.0,11.41
4461,crispiano,it,40.58354051289521,17.181239665919946,44.04,76.0,0.0,9.17
4477,iwanai,jp,43.445543805975376,140.00561032294502,46.45,84.0,0.0,8.16
4481,buluang,ph,13.164695339004638,116.52474419922447,86.0,70.0,20.0,11.41
4491,pokrovsk,ru,60.90819689580215,129.4904262653651,49.78,70.0,92.0,15.43
4495,kolo,pl,52.09114619631325,18.644133341255923,63.73,97.0,92.0,5.37
